[{"pk": 1, "model": "repo.topic", "fields": {"code": "FOUN", "order": 0, "name": "Foundation"}}, {"pk": 2, "model": "repo.topic", "fields": {"code": "MEFC", "order": 0, "name": "Methods of Facilitating Change"}}, {"pk": 3, "model": "repo.topic", "fields": {"code": "CHCN", "order": 0, "name": "Chemicals of Concern & Regulatory Issues"}}, {"pk": 4, "model": "repo.topic", "fields": {"code": "SYNT", "order": 0, "name": "Synthetic toolbox"}}, {"pk": 5, "model": "repo.topic", "fields": {"code": "PROD", "order": 0, "name": "Process design"}}, {"pk": 6, "model": "repo.topic", "fields": {"code": "SOLV", "order": 0, "name": "Solvents"}}, {"pk": 1, "model": "repo.module", "fields": {"topic": 1, "code": "WAST", "order": 0, "working": false, "name": "Waste"}}, {"pk": 2, "model": "repo.module", "fields": {"topic": 1, "code": "INPC", "order": 0, "working": false, "name": "Introduction to Process Chemistry"}}, {"pk": 3, "model": "repo.module", "fields": {"topic": 2, "code": "LCA2", "order": 0, "working": false, "name": "LCA"}}, {"pk": 4, "model": "repo.module", "fields": {"topic": 1, "code": "SOLV", "order": 0, "working": false, "name": "Solvents"}}, {"pk": 5, "model": "repo.module", "fields": {"topic": 3, "code": "ANA", "order": 0, "working": false, "name": "Analysis"}}, {"pk": 6, "model": "repo.module", "fields": {"topic": 3, "code": "REGS", "order": 0, "working": false, "name": "Regulatory & safety issues"}}, {"pk": 7, "model": "repo.module", "fields": {"topic": 4, "code": "OSYN", "order": 0, "working": false, "name": "Organic synthesis"}}, {"pk": 8, "model": "repo.module", "fields": {"topic": 1, "code": "RENR", "order": 0, "working": false, "name": "Renewable resources"}}, {"pk": 9, "model": "repo.module", "fields": {"topic": 5, "code": "WHPD", "order": 0, "working": false, "name": "Whole process design"}}, {"pk": 10, "model": "repo.module", "fields": {"topic": 1, "code": "CRIT", "order": 0, "working": false, "name": "Critical elements"}}, {"pk": 11, "model": "repo.module", "fields": {"topic": 1, "code": "INPH", "order": 0, "working": false, "name": "Introduction to the Pharmaceutical Industry"}}, {"pk": 12, "model": "repo.module", "fields": {"topic": 4, "code": "WP2", "order": 0, "working": false, "name": "Green Catalysis Flow"}}, {"pk": 13, "model": "repo.module", "fields": {"topic": 2, "code": "METR", "order": 0, "working": false, "name": "Metrics"}}, {"pk": 14, "model": "repo.module", "fields": {"topic": 1, "code": "ISSC", "order": 0, "working": false, "name": "Issues surrounding chemicals"}}, {"pk": 15, "model": "repo.module", "fields": {"topic": 1, "code": "LCA1", "order": 0, "working": false, "name": "LCA"}}, {"pk": 16, "model": "repo.module", "fields": {"topic": 1, "code": "WATR", "order": 0, "working": false, "name": "Water"}}, {"pk": 17, "model": "repo.module", "fields": {"topic": 3, "code": "BEND", "order": 0, "working": false, "name": "Benign by design"}}, {"pk": 18, "model": "repo.module", "fields": {"topic": 4, "code": "WP4", "order": 0, "working": false, "name": "Synthetic Biology"}}, {"pk": 19, "model": "repo.module", "fields": {"topic": 1, "code": "INGC", "order": 0, "working": false, "name": "Introduction to Green Chemistry"}}, {"pk": 20, "model": "repo.module", "fields": {"topic": 1, "code": "BENC", "order": 0, "working": false, "name": "Benefits of chemistry"}}, {"pk": 21, "model": "repo.module", "fields": {"topic": 3, "code": "CHOC", "order": 0, "working": false, "name": "Chemicals of concern"}}, {"pk": 22, "model": "repo.module", "fields": {"topic": 1, "code": "NRG", "order": 0, "working": false, "name": "Energy"}}, {"pk": 23, "model": "repo.module", "fields": {"topic": 4, "code": "WP3", "order": 0, "working": false, "name": "Biocatalysis"}}, {"pk": 24, "model": "repo.module", "fields": {"topic": 2, "code": "GUID", "order": 0, "working": false, "name": "Tools and guides"}}, {"pk": 25, "model": "repo.module", "fields": {"topic": 3, "code": "ELEG", "order": 0, "working": false, "name": "Environmental legislation"}}, {"pk": 26, "model": "repo.module", "fields": {"topic": 1, "code": "CATA", "order": 0, "working": false, "name": "Catalysis"}}, {"pk": 2, "model": "repo.file", "fields": {"event": null, "title": null, "containing_path": 18, "dir_level": 0, "ready": false, "path": "Topic 1\\Thumbs.db", "type": null, "order": 0, "size": 38400}}, {"pk": 3, "model": "repo.file", "fields": {"event": null, "title": null, "containing_path": 26, "dir_level": 1, "ready": false, "path": "Topic 1\\benefits of chemistry\\Thumbs.db", "type": null, "order": 0, "size": 26112}}, {"pk": 4, "model": "repo.file", "fields": {"event": null, "title": null, "containing_path": 26, "dir_level": 2, "ready": false, "path": "Topic 1\\benefits of chemistry\\External papers and resources\\Nature 2015 Green Careers.pdf", "type": "application", "order": 0, "size": 371957}}, {"pk": 5, "model": "repo.file", "fields": {"event": 25, "title": "What are Green Careers?", "containing_path": 26, "dir_level": 2, "ready": false, "path": "Topic 1\\benefits of chemistry\\New material\\unknown-jhc-11-2014-what-are-green-careers.wmv", "type": "video", "order": 0, "size": 26681155}}, {"pk": 6, "model": "repo.file", "fields": {"event": null, "title": null, "containing_path": 26, "dir_level": 2, "ready": false, "path": "Topic 1\\benefits of chemistry\\New material\\Business case.docx", "type": "application", "order": 0, "size": 13614}}, {"pk": 7, "model": "repo.file", "fields": {"event": null, "title": null, "containing_path": 26, "dir_level": 2, "ready": false, "path": "Topic 1\\benefits of chemistry\\New material\\green refill slide.pptx", "type": "application", "order": 0, "size": 266421}}, {"pk": 8, "model": "repo.file", "fields": {"event": null, "title": null, "containing_path": 33, "dir_level": 2, "ready": false, "path": "Topic 1\\catalysis\\New material\\Topic 1 Catalysis - recovery and recycling.docx", "type": "application", "order": 0, "size": 14131}}, {"pk": 9, "model": "repo.file", "fields": {"event": 20, "title": "Future directions in Biocatalysis", "containing_path": 33, "dir_level": 3, "ready": false, "path": "Topic 1\\catalysis\\New material\\Recordings\\manchester-workshop-01-2013-future-directions-in-biocatalysis.m4v", "type": "video", "order": 0, "size": 12287168}}, {"pk": 10, "model": "repo.file", "fields": {"event": null, "title": null, "containing_path": 33, "dir_level": 3, "ready": false, "path": "Topic 1\\catalysis\\New material\\Recordings\\Thumbs.db", "type": null, "order": 0, "size": 28160}}, {"pk": 11, "model": "repo.file", "fields": {"event": null, "title": null, "containing_path": 10, "dir_level": 1, "ready": false, "path": "Topic 1\\Critical elements\\Thumbs.db", "type": null, "order": 0, "size": 61952}}, {"pk": 12, "model": "repo.file", "fields": {"event": null, "title": null, "containing_path": 10, "dir_level": 2, "ready": false, "path": "Topic 1\\Critical elements\\Internal papers and resources\\HP Elemental Sustainability Piece for Leonie.docx", "type": "application", "order": 0, "size": 300979}}, {"pk": 13, "model": "repo.file", "fields": {"event": null, "title": null, "containing_path": 10, "dir_level": 2, "ready": false, "path": "Topic 1\\Critical elements\\New material\\Figure4 Ref 25 from metrics paper.tif", "type": "image", "order": 0, "size": 835880}}, {"pk": 14, "model": "repo.file", "fields": {"event": null, "title": null, "containing_path": 10, "dir_level": 2, "ready": false, "path": "Topic 1\\Critical elements\\New material\\IMI elemental sustainability 1.pptx", "type": "application", "order": 0, "size": 5241605}}, {"pk": 15, "model": "repo.file", "fields": {"event": 26, "title": "The importance of Elemental Recovery and Sustainability", "containing_path": 10, "dir_level": 3, "ready": false, "path": "Topic 1\\Critical elements\\New material\\Recordings\\yrn-workshop-york-11-2013-the-importance-of-elemental-recovery-and-sustainability.wmv", "type": "video", "order": 0, "size": 144755780}}, {"pk": 16, "model": "repo.file", "fields": {"event": 1, "title": "Elemental Sustainability Q&A", "containing_path": 10, "dir_level": 3, "ready": false, "path": "Topic 1\\Critical elements\\New material\\Recordings\\yrn-workshop-york-04-2015-elemental-sustainability-qa.mp4", "type": "video", "order": 0, "size": 12769422}}, {"pk": 17, "model": "repo.file", "fields": {"event": 1, "title": "Green chemistry for Elemental Recovery and Sustainability", "containing_path": 10, "dir_level": 3, "ready": false, "path": "Topic 1\\Critical elements\\New material\\Recordings\\yrn-workshop-york-04-2015-green-chemistry-for-elemental-recovery-and-sustainability.mp4", "type": "video", "order": 0, "size": 49881605}}, {"pk": 18, "model": "repo.file", "fields": {"event": null, "title": null, "containing_path": 10, "dir_level": 3, "ready": false, "path": "Topic 1\\Critical elements\\New material\\Recordings\\Thumbs.db", "type": null, "order": 0, "size": 17920}}, {"pk": 19, "model": "repo.file", "fields": {"event": null, "title": null, "containing_path": 2, "dir_level": 1, "ready": false, "path": "Topic 1\\Intro to process chem\\Thumbs.db", "type": null, "order": 0, "size": 7168}}, {"pk": 20, "model": "repo.file", "fields": {"event": null, "title": null, "containing_path": 2, "dir_level": 2, "ready": false, "path": "Topic 1\\Intro to process chem\\Internal papers and resources\\Gino Ricci M2 Bordeaux part2 ter.ppt", "type": "application", "order": 0, "size": 7557120}}, {"pk": 21, "model": "repo.file", "fields": {"event": null, "title": null, "containing_path": 2, "dir_level": 2, "ready": false, "path": "Topic 1\\Intro to process chem\\New material\\Topic 1 Intro to process chemistry - continuous processing.docx", "type": "application", "order": 0, "size": 14607}}, {"pk": 22, "model": "repo.file", "fields": {"event": 18, "title": "Challenges for discovery chemistry in the pharma industry", "containing_path": 2, "dir_level": 3, "ready": false, "path": "Topic 1\\Intro to process chem\\New material\\Recordings\\ws1-01-2013-challenges-for-discovery-chemistry-in-the-pharma-industry.m4v", "type": "video", "order": 0, "size": 28415531}}, {"pk": 23, "model": "repo.file", "fields": {"event": 19, "title": "Process Development and Scale-up of Catalytic Processes", "containing_path": 2, "dir_level": 3, "ready": false, "path": "Topic 1\\Intro to process chem\\New material\\Recordings\\graz-agm-09-2014-process-development-and-scale-up-of-catalytic-processes.mp4", "type": "video", "order": 0, "size": 60483316}}, {"pk": 24, "model": "repo.file", "fields": {"event": null, "title": null, "containing_path": 2, "dir_level": 3, "ready": false, "path": "Topic 1\\Intro to process chem\\New material\\Recordings\\Thumbs.db", "type": null, "order": 0, "size": 18432}}, {"pk": 25, "model": "repo.file", "fields": {"event": null, "title": null, "containing_path": 11, "dir_level": 1, "ready": false, "path": "Topic 1\\Intro to the pharma industry\\Thumbs.db", "type": null, "order": 0, "size": 72704}}, {"pk": 26, "model": "repo.file", "fields": {"event": null, "title": null, "containing_path": 11, "dir_level": 2, "ready": false, "path": "Topic 1\\Intro to the pharma industry\\Internal papers and resources\\AW article Medicine maker _0215.pdf", "type": "application", "order": 0, "size": 7974849}}, {"pk": 27, "model": "repo.file", "fields": {"event": null, "title": null, "containing_path": 11, "dir_level": 2, "ready": false, "path": "Topic 1\\Intro to the pharma industry\\Internal papers and resources\\J&J presentation Thomas Rammeloo 13 Nov 2012.pdf", "type": "application", "order": 0, "size": 2095301}}, {"pk": 28, "model": "repo.file", "fields": {"event": null, "title": null, "containing_path": 11, "dir_level": 2, "ready": false, "path": "Topic 1\\Intro to the pharma industry\\New material\\Pharma Industry part 1 introduction.ppt", "type": "application", "order": 0, "size": 5373440}}, {"pk": 29, "model": "repo.file", "fields": {"event": null, "title": null, "containing_path": 11, "dir_level": 2, "ready": false, "path": "Topic 1\\Intro to the pharma industry\\New material\\Pharma Industry part 2 development process.ppt", "type": "application", "order": 0, "size": 5242368}}, {"pk": 30, "model": "repo.file", "fields": {"event": null, "title": null, "containing_path": 11, "dir_level": 2, "ready": false, "path": "Topic 1\\Intro to the pharma industry\\New material\\Pharma Industry part 3 Nexium.ppt", "type": "application", "order": 0, "size": 11382784}}, {"pk": 31, "model": "repo.file", "fields": {"event": 1, "title": "Current successes & future challenges for green chemistry in the pharmaceutical industry", "containing_path": 11, "dir_level": 3, "ready": false, "path": "Topic 1\\Intro to the pharma industry\\New material\\Recordings\\yrn-workshop-york-04-2015-current-successes-future-challenges-for-green-chemistry-in-the-pharmaceutical-industry.mp4", "type": "video", "order": 0, "size": 5708200}}, {"pk": 32, "model": "repo.file", "fields": {"event": 1, "title": "Current successes & future challenges for green chemistry in the pharmaceutical industry talk", "containing_path": 11, "dir_level": 3, "ready": false, "path": "Topic 1\\Intro to the pharma industry\\New material\\Recordings\\yrn-workshop-york-04-2015-current-successes-future-challenges-for-green-chemistry-in-the-pharmaceutical-industry-talk.mp4", "type": "video", "order": 0, "size": 41915906}}, {"pk": 33, "model": "repo.file", "fields": {"event": 28, "title": "Challenges for Discovery Chemistry in the Pharma Industry", "containing_path": 11, "dir_level": 3, "ready": false, "path": "Topic 1\\Intro to the pharma industry\\New material\\Recordings\\manchester-workshop-01-2013-challenges-for-discovery-chemistry-in-the-pharma-industry.m4v", "type": "video", "order": 0, "size": 28415531}}, {"pk": 34, "model": "repo.file", "fields": {"event": 20, "title": "Introduction and challenges to the Pharmaceutical Industry", "containing_path": 11, "dir_level": 3, "ready": false, "path": "Topic 1\\Intro to the pharma industry\\New material\\Recordings\\manchester-workshop-01-2013-introduction-and-challenges-to-the-pharmaceutical-industry.m4v", "type": "video", "order": 0, "size": 53782001}}, {"pk": 35, "model": "repo.file", "fields": {"event": null, "title": null, "containing_path": 11, "dir_level": 3, "ready": false, "path": "Topic 1\\Intro to the pharma industry\\New material\\Recordings\\Thumbs.db", "type": null, "order": 0, "size": 23040}}, {"pk": 36, "model": "repo.file", "fields": {"event": null, "title": null, "containing_path": 15, "dir_level": 1, "ready": false, "path": "Topic 1\\LCA\\Thumbs.db", "type": null, "order": 0, "size": 27648}}, {"pk": 37, "model": "repo.file", "fields": {"event": 27, "title": "Life Cycle Assessment", "containing_path": 15, "dir_level": 3, "ready": false, "path": "Topic 1\\LCA\\Internal papers and resources\\MSc lectures\\msc-brian-grievson-10-2013-life-cycle-assessment.wmv", "type": "video", "order": 0, "size": 484099074}}, {"pk": 38, "model": "repo.file", "fields": {"event": 29, "title": "Life Cycle Assessment", "containing_path": 15, "dir_level": 3, "ready": false, "path": "Topic 1\\LCA\\Internal papers and resources\\MSc lectures\\life-cycle-assessment-10-2013-life-cycle-assessment.wmv", "type": "video", "order": 0, "size": 317566166}}, {"pk": 39, "model": "repo.file", "fields": {"event": null, "title": null, "containing_path": 15, "dir_level": 3, "ready": false, "path": "Topic 1\\LCA\\Internal papers and resources\\MSc lectures\\Thumbs.db", "type": null, "order": 0, "size": 20480}}, {"pk": 40, "model": "repo.file", "fields": {"event": null, "title": null, "containing_path": 8, "dir_level": 1, "ready": false, "path": "Topic 1\\renewable resources\\Thumbs.db", "type": null, "order": 0, "size": 24064}}, {"pk": 41, "model": "repo.file", "fields": {"event": 24, "title": "The Move to a Bio-Based Economy", "containing_path": 8, "dir_level": 2, "ready": false, "path": "Topic 1\\renewable resources\\MSc lectures\\mustafa-msc-11-2013-the-move-to-a-bio-based-economy.wmv", "type": "video", "order": 0, "size": 338200506}}, {"pk": 42, "model": "repo.file", "fields": {"event": 25, "title": "Green Chemistry and the Biorefinery", "containing_path": 8, "dir_level": 2, "ready": false, "path": "Topic 1\\renewable resources\\New material\\unknown-jhc-11-2014-green-chemistry-and-the-biorefinery.mp4", "type": "video", "order": 0, "size": 59722614}}, {"pk": 43, "model": "repo.file", "fields": {"event": null, "title": null, "containing_path": 8, "dir_level": 2, "ready": false, "path": "Topic 1\\renewable resources\\New material\\TJF - Platform Molecules for Pharmaceuticals_distribution.ppt", "type": "application", "order": 0, "size": 2230784}}, {"pk": 44, "model": "repo.file", "fields": {"event": null, "title": null, "containing_path": 4, "dir_level": 1, "ready": false, "path": "Topic 1\\solvents\\Thumbs.db", "type": null, "order": 0, "size": 8192}}, {"pk": 45, "model": "repo.file", "fields": {"event": null, "title": null, "containing_path": 4, "dir_level": 2, "ready": false, "path": "Topic 1\\solvents\\New material\\Topic 1 Solvents Notes.docx", "type": "application", "order": 0, "size": 17765}}, {"pk": 46, "model": "repo.file", "fields": {"event": 20, "title": "Green Solvents?", "containing_path": 4, "dir_level": 3, "ready": false, "path": "Topic 1\\solvents\\New material\\Recordings\\manchester-workshop-01-2013-green-solvents.m4v", "type": "video", "order": 0, "size": 41095738}}, {"pk": 47, "model": "repo.file", "fields": {"event": 26, "title": "Hot topics in Medicinal/Process Chemsitry: Solvents", "containing_path": 4, "dir_level": 3, "ready": false, "path": "Topic 1\\solvents\\New material\\Recordings\\yrn-workshop-york-11-2013-hot-topics-in-medicinalprocess-chemsitry-solvents.wmv", "type": "video", "order": 0, "size": 196774822}}, {"pk": 48, "model": "repo.file", "fields": {"event": 19, "title": "Bioderived Solvents - Q&A", "containing_path": 4, "dir_level": 3, "ready": false, "path": "Topic 1\\solvents\\New material\\Recordings\\graz-agm-09-2014-bioderived-solvents-qa.mp4", "type": "video", "order": 0, "size": 18715773}}, {"pk": 49, "model": "repo.file", "fields": {"event": 19, "title": "Bioderived Solvents", "containing_path": 4, "dir_level": 3, "ready": false, "path": "Topic 1\\solvents\\New material\\Recordings\\graz-agm-09-2014-bioderived-solvents.mp4", "type": "video", "order": 0, "size": 29686337}}, {"pk": 51, "model": "repo.file", "fields": {"event": null, "title": null, "containing_path": 4, "dir_level": 3, "ready": false, "path": "Topic 1\\solvents\\New material\\Recordings\\Thumbs.db", "type": null, "order": 0, "size": 21504}}, {"pk": 52, "model": "repo.file", "fields": {"event": null, "title": null, "containing_path": 1, "dir_level": 1, "ready": false, "path": "Topic 1\\waste\\Thumbs.db", "type": null, "order": 0, "size": 19456}}, {"pk": 53, "model": "repo.file", "fields": {"event": 17, "title": "Examples of Waste Minimization Techniques", "containing_path": 1, "dir_level": 3, "ready": false, "path": "Topic 1\\waste\\Internal papers and resources\\MSc lectures\\avtar-msc-09-2013-examples-of-waste-minimization-techniques.wmv", "type": "video", "order": 0, "size": 366496328}}, {"pk": 54, "model": "repo.file", "fields": {"event": null, "title": null, "containing_path": 1, "dir_level": 3, "ready": false, "path": "Topic 1\\waste\\Internal papers and resources\\MSc lectures\\Thumbs.db", "type": null, "order": 0, "size": 8192}}, {"pk": 55, "model": "repo.file", "fields": {"event": null, "title": null, "containing_path": 1, "dir_level": 2, "ready": false, "path": "Topic 1\\waste\\New material\\MOOC_Module X Waste Management.docx", "type": "application", "order": 0, "size": 102142}}, {"pk": 56, "model": "repo.file", "fields": {"event": null, "title": null, "containing_path": 1, "dir_level": 2, "ready": false, "path": "Topic 1\\waste\\New material\\Waste.docx", "type": "application", "order": 0, "size": 13283}}, {"pk": 57, "model": "repo.file", "fields": {"event": null, "title": null, "containing_path": 16, "dir_level": 0, "ready": false, "path": "Topic 2\\Thumbs.db", "type": null, "order": 0, "size": 64512}}, {"pk": 58, "model": "repo.file", "fields": {"event": null, "title": null, "containing_path": 16, "dir_level": 0, "ready": false, "path": "Topic 2\\Topic 2 Intro - methods for facilitating change.docx", "type": "application", "order": 0, "size": 15731}}, {"pk": 59, "model": "repo.file", "fields": {"event": null, "title": null, "containing_path": 16, "dir_level": 0, "ready": false, "path": "Topic 2\\Topic 2 references.enl", "type": null, "order": 0, "size": 16958}}, {"pk": 60, "model": "repo.file", "fields": {"event": null, "title": null, "containing_path": 3, "dir_level": 3, "ready": false, "path": "Topic 2\\LCA\\External papers and resources\\Journal articles\\Choosing the Greenest Synthesis- A Multivariate Metric Green Chemistry Exercise.pdf", "type": "application", "order": 0, "size": 1292807}}, {"pk": 61, "model": "repo.file", "fields": {"event": null, "title": null, "containing_path": 3, "dir_level": 3, "ready": false, "path": "Topic 2\\LCA\\External papers and resources\\Journal articles\\Life cycle inventory improvement in the pharmaceutical sector assessment of the sustainability combining PMI and LCA tools.pdf", "type": "application", "order": 0, "size": 2687914}}, {"pk": 62, "model": "repo.file", "fields": {"event": null, "title": null, "containing_path": 3, "dir_level": 3, "ready": false, "path": "Topic 2\\LCA\\External papers and resources\\Journal articles\\The evolution of life cycle assessment in.pdf", "type": "application", "order": 0, "size": 1329126}}, {"pk": 63, "model": "repo.file", "fields": {"event": null, "title": null, "containing_path": 3, "dir_level": 2, "ready": false, "path": "Topic 2\\LCA\\New material\\LCA tools from gap report.docx", "type": "application", "order": 0, "size": 13743}}, {"pk": 64, "model": "repo.file", "fields": {"event": null, "title": null, "containing_path": 13, "dir_level": 1, "ready": false, "path": "Topic 2\\Metrics\\Thumbs.db", "type": null, "order": 0, "size": 64512}}, {"pk": 65, "model": "repo.file", "fields": {"event": null, "title": null, "containing_path": 13, "dir_level": 2, "ready": false, "path": "Topic 2\\Metrics\\Internal papers and resources\\CHEM21 deliverable report D5 5.pdf", "type": "application", "order": 0, "size": 884395}}, {"pk": 66, "model": "repo.file", "fields": {"event": 30, "title": "Atom economy and experimental design - Metrics", "containing_path": 13, "dir_level": 3, "ready": false, "path": "Topic 2\\Metrics\\Internal papers and resources\\MSc lectures\\msc-rob-mcelroy-10-2013-atom-economy-and-experimental-design-metrics.wmv", "type": "video", "order": 0, "size": 517640836}}, {"pk": 67, "model": "repo.file", "fields": {"event": null, "title": null, "containing_path": 13, "dir_level": 3, "ready": false, "path": "Topic 2\\Metrics\\Internal papers and resources\\MSc lectures\\Thumbs.db", "type": null, "order": 0, "size": 10240}}, {"pk": 68, "model": "repo.file", "fields": {"event": null, "title": null, "containing_path": 13, "dir_level": 3, "ready": false, "path": "Topic 2\\Metrics\\Internal papers and resources\\UG metrics workshop\\j chem ed 2007 84 1004 green chem metrics.pdf", "type": "application", "order": 0, "size": 199789}}, {"pk": 69, "model": "repo.file", "fields": {"event": null, "title": null, "containing_path": 13, "dir_level": 3, "ready": false, "path": "Topic 2\\Metrics\\Internal papers and resources\\UG metrics workshop\\S7 briefing notes 2010.doc", "type": "application", "order": 0, "size": 28160}}, {"pk": 70, "model": "repo.file", "fields": {"event": null, "title": null, "containing_path": 13, "dir_level": 3, "ready": false, "path": "Topic 2\\Metrics\\Internal papers and resources\\UG metrics workshop\\S7 debriefing notes 2010.doc", "type": "application", "order": 0, "size": 56832}}, {"pk": 71, "model": "repo.file", "fields": {"event": null, "title": null, "containing_path": 13, "dir_level": 3, "ready": false, "path": "Topic 2\\Metrics\\Internal papers and resources\\UG metrics workshop\\Synthesis 7 2009.doc", "type": "application", "order": 0, "size": 212480}}, {"pk": 72, "model": "repo.file", "fields": {"event": null, "title": null, "containing_path": 13, "dir_level": 3, "ready": false, "path": "Topic 2\\Metrics\\Internal papers and resources\\UG metrics workshop\\Theory expt marking scheme 2010.doc", "type": "application", "order": 0, "size": 26112}}, {"pk": 73, "model": "repo.file", "fields": {"event": 31, "title": "Green Chemistry Metrics", "containing_path": 13, "dir_level": 3, "ready": false, "path": "Topic 2\\Metrics\\New material\\Recordings\\wp3-f2f-03-2014-green-chemistry-metrics.wmv", "type": "video", "order": 0, "size": 240786836}}, {"pk": 75, "model": "repo.file", "fields": {"event": null, "title": null, "containing_path": 13, "dir_level": 3, "ready": false, "path": "Topic 2\\Metrics\\New material\\Recordings\\Thumbs.db", "type": null, "order": 0, "size": 28160}}, {"pk": 76, "model": "repo.file", "fields": {"event": 1, "title": "Metrics Tool Kit Guidance: Zero Pass", "containing_path": 13, "dir_level": 3, "ready": false, "path": "Topic 2\\Metrics\\New material\\Recordings\\yrn-workshop-york-04-2015-metrics-tool-kit-guidance-zero-pass.wmv", "type": "video", "order": 0, "size": 637481374}}, {"pk": 77, "model": "repo.file", "fields": {"event": 1, "title": "Metrics Tool Kit Guidance: Zero Pass - talk", "containing_path": 13, "dir_level": 3, "ready": false, "path": "Topic 2\\Metrics\\New material\\Recordings\\yrn-workshop-york-04-2015-metrics-tool-kit-guidance-zero-pass-talk.mp4", "type": "video", "order": 0, "size": 49706697}}, {"pk": 78, "model": "repo.file", "fields": {"event": null, "title": null, "containing_path": 31, "dir_level": 1, "ready": false, "path": "Topic 2\\Tools and guides\\Thumbs.db", "type": null, "order": 0, "size": 33280}}, {"pk": 79, "model": "repo.file", "fields": {"event": null, "title": null, "containing_path": 31, "dir_level": 2, "ready": false, "path": "Topic 2\\Tools and guides\\New material\\LJ Green Chemistry Tools and Guides Final.pptx", "type": "application", "order": 0, "size": 4027805}}, {"pk": 80, "model": "repo.file", "fields": {"event": null, "title": null, "containing_path": 31, "dir_level": 2, "ready": false, "path": "Topic 2\\Tools and guides\\New material\\Topic 2 guides - Acid and Base selection guides.docx", "type": "application", "order": 0, "size": 20274}}, {"pk": 81, "model": "repo.file", "fields": {"event": null, "title": null, "containing_path": 31, "dir_level": 2, "ready": false, "path": "Topic 2\\Tools and guides\\New material\\Topic 2 guides - reagent selection guides.docx", "type": "application", "order": 0, "size": 15272}}, {"pk": 82, "model": "repo.file", "fields": {"event": null, "title": null, "containing_path": 31, "dir_level": 2, "ready": false, "path": "Topic 2\\Tools and guides\\New material\\Topic 2 Guides - solvents.docx", "type": "application", "order": 0, "size": 16232}}, {"pk": 83, "model": "repo.file", "fields": {"event": null, "title": null, "containing_path": 31, "dir_level": 3, "ready": false, "path": "Topic 2\\Tools and guides\\New material\\Helen Tools and guides\\CHEM21 Green Chemistry in the Pharmaceutical Industry An Introduction.pptx", "type": "application", "order": 0, "size": 9608035}}, {"pk": 84, "model": "repo.file", "fields": {"event": null, "title": null, "containing_path": 31, "dir_level": 3, "ready": false, "path": "Topic 2\\Tools and guides\\New material\\Helen Tools and guides\\Helen Questions notes.docx", "type": "application", "order": 0, "size": 1426572}}, {"pk": 85, "model": "repo.file", "fields": {"event": null, "title": null, "containing_path": 31, "dir_level": 3, "ready": false, "path": "Topic 2\\Tools and guides\\New material\\Helen Tools and guides\\Helen Sneddon Tools and Guides Questions summary.docx", "type": "application", "order": 0, "size": 24212}}, {"pk": 86, "model": "repo.file", "fields": {"event": null, "title": "Green Chemistry in the Pharmaceutical Industry", "containing_path": 31, "dir_level": 3, "ready": false, "path": "Topic 2\\Tools and guides\\New material\\Helen Tools and guides\\green-chemistry-in-the-pharmaceutical-industry", "type": "video", "order": 0, "size": 44215971}}, {"pk": 87, "model": "repo.file", "fields": {"event": 26, "title": "Green and Sustainable Chemistry at GSK", "containing_path": 31, "dir_level": 3, "ready": false, "path": "Topic 2\\Tools and guides\\New material\\Helen Tools and guides\\yrn-workshop-york-11-2013-green-and-sustainable-chemistry-at-gsk.wmv", "type": "video", "order": 0, "size": 152476182}}, {"pk": 88, "model": "repo.file", "fields": {"event": null, "title": null, "containing_path": 31, "dir_level": 3, "ready": false, "path": "Topic 2\\Tools and guides\\New material\\Helen Tools and guides\\Thumbs.db", "type": null, "order": 0, "size": 24576}}, {"pk": 89, "model": "repo.file", "fields": {"event": null, "title": null, "containing_path": 31, "dir_level": 4, "ready": false, "path": "Topic 2\\Tools and guides\\New material\\Helen Tools and guides\\audio files\\crude audio for intro.wav", "type": "audio", "order": 0, "size": 311902872}}, {"pk": 90, "model": "repo.file", "fields": {"event": null, "title": null, "containing_path": 31, "dir_level": 4, "ready": false, "path": "Topic 2\\Tools and guides\\New material\\Helen Tools and guides\\audio files\\new intro.wav", "type": "audio", "order": 0, "size": 15223084}}, {"pk": 91, "model": "repo.file", "fields": {"event": null, "title": null, "containing_path": 31, "dir_level": 4, "ready": false, "path": "Topic 2\\Tools and guides\\New material\\Helen Tools and guides\\audio files\\slide 30 chem21.wav", "type": "audio", "order": 0, "size": 17009964}}, {"pk": 92, "model": "repo.file", "fields": {"event": null, "title": null, "containing_path": 31, "dir_level": 4, "ready": false, "path": "Topic 2\\Tools and guides\\New material\\Helen Tools and guides\\audio files\\slides 22-25.wav", "type": "audio", "order": 0, "size": 40682284}}, {"pk": 93, "model": "repo.file", "fields": {"event": null, "title": null, "containing_path": 31, "dir_level": 4, "ready": false, "path": "Topic 2\\Tools and guides\\New material\\Helen Tools and guides\\audio files\\slides 41-43.wav", "type": "audio", "order": 0, "size": 18458924}}, {"pk": 94, "model": "repo.file", "fields": {"event": null, "title": null, "containing_path": 31, "dir_level": 4, "ready": false, "path": "Topic 2\\Tools and guides\\New material\\Helen Tools and guides\\audio files\\slides 48-50.wav", "type": "audio", "order": 0, "size": 15695404}}, {"pk": 95, "model": "repo.file", "fields": {"event": null, "title": null, "containing_path": 31, "dir_level": 4, "ready": false, "path": "Topic 2\\Tools and guides\\New material\\Helen Tools and guides\\audio files\\slides 51-53.wav", "type": "audio", "order": 0, "size": 12408364}}, {"pk": 96, "model": "repo.file", "fields": {"event": null, "title": null, "containing_path": 31, "dir_level": 4, "ready": false, "path": "Topic 2\\Tools and guides\\New material\\Helen Tools and guides\\Helen GSK Workshop - background info\\Evaluation of Novel Synthetic Methods for the Preparation of GW273225X.pdf", "type": "application", "order": 0, "size": 386664}}, {"pk": 97, "model": "repo.file", "fields": {"event": null, "title": null, "containing_path": 31, "dir_level": 4, "ready": false, "path": "Topic 2\\Tools and guides\\New material\\Helen Tools and guides\\Helen GSK Workshop - background info\\Introduction Green Chemistry Module1 Chem21.pptx", "type": "application", "order": 0, "size": 4427683}}, {"pk": 98, "model": "repo.file", "fields": {"event": null, "title": null, "containing_path": 31, "dir_level": 4, "ready": false, "path": "Topic 2\\Tools and guides\\New material\\Helen Tools and guides\\Helen GSK Workshop - background info\\Metrics Module4 Chem21.pptx", "type": "application", "order": 0, "size": 3364619}}, {"pk": 99, "model": "repo.file", "fields": {"event": null, "title": null, "containing_path": 31, "dir_level": 4, "ready": false, "path": "Topic 2\\Tools and guides\\New material\\Helen Tools and guides\\Helen GSK Workshop - background info\\Metrics Problem Session Chem 21.pptx", "type": "application", "order": 0, "size": 793582}}, {"pk": 100, "model": "repo.file", "fields": {"event": null, "title": null, "containing_path": 31, "dir_level": 4, "ready": false, "path": "Topic 2\\Tools and guides\\New material\\Helen Tools and guides\\Helen GSK Workshop - background info\\Reagents Module3 Chem 21.pptx", "type": "application", "order": 0, "size": 4256867}}, {"pk": 101, "model": "repo.file", "fields": {"event": null, "title": null, "containing_path": 31, "dir_level": 4, "ready": false, "path": "Topic 2\\Tools and guides\\New material\\Helen Tools and guides\\Helen GSK Workshop - background info\\Reagents Problems Chem 21.pptx", "type": "application", "order": 0, "size": 111421}}, {"pk": 102, "model": "repo.file", "fields": {"event": null, "title": null, "containing_path": 31, "dir_level": 4, "ready": false, "path": "Topic 2\\Tools and guides\\New material\\Helen Tools and guides\\Helen GSK Workshop - background info\\Solvents Module2 Chem 21.pptx", "type": "application", "order": 0, "size": 5116480}}, {"pk": 103, "model": "repo.file", "fields": {"event": null, "title": null, "containing_path": 31, "dir_level": 4, "ready": false, "path": "Topic 2\\Tools and guides\\New material\\Helen Tools and guides\\Helen GSK Workshop - background info\\Solvents Problem Session.pptx", "type": "application", "order": 0, "size": 1034801}}, {"pk": 104, "model": "repo.file", "fields": {"event": null, "title": null, "containing_path": 31, "dir_level": 4, "ready": false, "path": "Topic 2\\Tools and guides\\New material\\Helen Tools and guides\\Helen GSK Workshop - background info\\Thumbs.db", "type": null, "order": 0, "size": 69632}}, {"pk": 105, "model": "repo.file", "fields": {"event": 34, "title": "Green Chemistry Tools available from AGS GCI Roundtable", "containing_path": 31, "dir_level": 3, "ready": false, "path": "Topic 2\\Tools and guides\\New material\\Recordings\\sci-workshop-11-2014-green-chemistry-tools-available-from-ags-gci-roundtable.mp4", "type": "video", "order": 0, "size": 43037826}}, {"pk": 106, "model": "repo.file", "fields": {"event": 19, "title": "CHEM21 Selection Guide for Classical Solvents", "containing_path": 31, "dir_level": 3, "ready": false, "path": "Topic 2\\Tools and guides\\New material\\Recordings\\graz-agm-09-2014-chem21-selection-guide-for-classical-solvents.mp4", "type": "video", "order": 0, "size": 5238615}}, {"pk": 107, "model": "repo.file", "fields": {"event": 19, "title": "CHEM21 Selection Guide for Classical Solvents Talk", "containing_path": 31, "dir_level": 3, "ready": false, "path": "Topic 2\\Tools and guides\\New material\\Recordings\\graz-agm-09-2014-chem21-selection-guide-for-classical-solvents-talk.mp4", "type": "video", "order": 0, "size": 45751268}}, {"pk": 109, "model": "repo.file", "fields": {"event": null, "title": null, "containing_path": 31, "dir_level": 4, "ready": false, "path": "Topic 2\\Tools and guides\\New material\\Recordings\\SCI Barry Dillon & Nick Turner\\Thumbs.db", "type": null, "order": 0, "size": 25088}}, {"pk": 110, "model": "repo.file", "fields": {"event": null, "title": null, "containing_path": 31, "dir_level": 2, "ready": false, "path": "Topic 2\\Tools and guides\\Papers and resources\\Green chemistry at Pfizer.pdf", "type": "application", "order": 0, "size": 2208349}}, {"pk": 111, "model": "repo.file", "fields": {"event": null, "title": null, "containing_path": 31, "dir_level": 2, "ready": false, "path": "Topic 2\\Tools and guides\\Papers and resources\\GreenChemWeb_A4Poster_Solvents.pdf", "type": "application", "order": 0, "size": 188304}}, {"pk": 112, "model": "repo.file", "fields": {"event": null, "title": null, "containing_path": 31, "dir_level": 3, "ready": false, "path": "Topic 2\\Tools and guides\\Papers and resources\\journal articles\\Development of GSK's reagent guides \u2013 embedding sustainability into .pdf", "type": "application", "order": 0, "size": 5019595}}, {"pk": 113, "model": "repo.file", "fields": {"event": null, "title": null, "containing_path": 31, "dir_level": 3, "ready": false, "path": "Topic 2\\Tools and guides\\Papers and resources\\journal articles\\Development of GSK\u2019s acid and base selection guides.pdf", "type": "application", "order": 0, "size": 5100865}}, {"pk": 114, "model": "repo.file", "fields": {"event": null, "title": null, "containing_path": 31, "dir_level": 3, "ready": false, "path": "Topic 2\\Tools and guides\\Papers and resources\\journal articles\\Evaluation of alternative solvents in common amide.pdf", "type": "application", "order": 0, "size": 907142}}, {"pk": 115, "model": "repo.file", "fields": {"event": null, "title": null, "containing_path": 31, "dir_level": 3, "ready": false, "path": "Topic 2\\Tools and guides\\Papers and resources\\journal articles\\Expanding GSK's solvent selection guide \u2013 embedding sustainability into solvent selection starting at medicinal chemistry.pdf", "type": "application", "order": 0, "size": 2170692}}, {"pk": 116, "model": "repo.file", "fields": {"event": null, "title": null, "containing_path": 31, "dir_level": 3, "ready": false, "path": "Topic 2\\Tools and guides\\Papers and resources\\journal articles\\Green chemistry tools to influence a medicinal chemistry and research chemistry based organisation.pdf", "type": "application", "order": 0, "size": 266970}}, {"pk": 117, "model": "repo.file", "fields": {"event": null, "title": null, "containing_path": 31, "dir_level": 3, "ready": false, "path": "Topic 2\\Tools and guides\\Papers and resources\\journal articles\\Replacement of dichloromethane within chromatographic purification_a guide to alternative solvents.pdf", "type": "application", "order": 0, "size": 654154}}, {"pk": 118, "model": "repo.file", "fields": {"event": null, "title": null, "containing_path": 31, "dir_level": 3, "ready": false, "path": "Topic 2\\Tools and guides\\Papers and resources\\journal articles\\Sanofis Solvent Selection Guide.pdf", "type": "application", "order": 0, "size": 3718657}}, {"pk": 119, "model": "repo.file", "fields": {"event": null, "title": null, "containing_path": 31, "dir_level": 3, "ready": false, "path": "Topic 2\\Tools and guides\\Papers and resources\\journal articles\\Sustainable chromatography_an oxymoron.pdf", "type": "application", "order": 0, "size": 2073868}}, {"pk": 120, "model": "repo.file", "fields": {"event": null, "title": null, "containing_path": 17, "dir_level": 0, "ready": false, "path": "Topic 3\\Thumbs.db", "type": null, "order": 0, "size": 86016}}, {"pk": 121, "model": "repo.file", "fields": {"event": null, "title": null, "containing_path": 20, "dir_level": 0, "ready": false, "path": "Topic 4\\Material for General intro to Topic 4.docx", "type": "application", "order": 0, "size": 15396}}, {"pk": 122, "model": "repo.file", "fields": {"event": null, "title": null, "containing_path": 20, "dir_level": 0, "ready": false, "path": "Topic 4\\Thumbs.db", "type": null, "order": 0, "size": 49152}}, {"pk": 123, "model": "repo.file", "fields": {"event": null, "title": null, "containing_path": 7, "dir_level": 1, "ready": false, "path": "Topic 4\\organic synthesis\\Thumbs.db", "type": null, "order": 0, "size": 46592}}, {"pk": 124, "model": "repo.file", "fields": {"event": null, "title": null, "containing_path": 7, "dir_level": 2, "ready": false, "path": "Topic 4\\organic synthesis\\External papers and resources\\holistic route selection.pdf", "type": "application", "order": 0, "size": 1815181}}, {"pk": 125, "model": "repo.file", "fields": {"event": null, "title": null, "containing_path": 7, "dir_level": 2, "ready": false, "path": "Topic 4\\organic synthesis\\External papers and resources\\Sustainable Practices in Medicinal Chemistry Current State and Future Directions.pdf", "type": "application", "order": 0, "size": 1890768}}, {"pk": 126, "model": "repo.file", "fields": {"event": null, "title": null, "containing_path": 7, "dir_level": 3, "ready": false, "path": "Topic 4\\organic synthesis\\External papers and resources\\OPRD Green Chemistry Articles of Interest to the Pharmaceutical Industry\\April2012 Green Chemistry Articles of Interest to the Pharmaceutical Industry.pdf", "type": "application", "order": 0, "size": 1593097}}, {"pk": 127, "model": "repo.file", "fields": {"event": null, "title": null, "containing_path": 7, "dir_level": 3, "ready": false, "path": "Topic 4\\organic synthesis\\External papers and resources\\OPRD Green Chemistry Articles of Interest to the Pharmaceutical Industry\\Dec2014 Green Chemistry Articles of Interest to the Pharmaceutical Industry.pdf", "type": "application", "order": 0, "size": 1086126}}, {"pk": 128, "model": "repo.file", "fields": {"event": null, "title": null, "containing_path": 7, "dir_level": 3, "ready": false, "path": "Topic 4\\organic synthesis\\External papers and resources\\OPRD Green Chemistry Articles of Interest to the Pharmaceutical Industry\\Jun2014 Green Chemistry Articles of Interest to the Pharmaceutical Industry.pdf", "type": "application", "order": 0, "size": 957753}}, {"pk": 129, "model": "repo.file", "fields": {"event": null, "title": null, "containing_path": 7, "dir_level": 3, "ready": false, "path": "Topic 4\\organic synthesis\\External papers and resources\\OPRD Green Chemistry Articles of Interest to the Pharmaceutical Industry\\Mar2013 Green Chemistry Articles of Interest to the Pharmaceutical Industry.pdf", "type": "application", "order": 0, "size": 1160183}}, {"pk": 130, "model": "repo.file", "fields": {"event": null, "title": null, "containing_path": 7, "dir_level": 3, "ready": false, "path": "Topic 4\\organic synthesis\\External papers and resources\\OPRD Green Chemistry Articles of Interest to the Pharmaceutical Industry\\Oct2012 Green Chemistry Articles of Interest to the Pharmaceutical Industry.pdf", "type": "application", "order": 0, "size": 1157148}}, {"pk": 131, "model": "repo.file", "fields": {"event": null, "title": null, "containing_path": 7, "dir_level": 3, "ready": false, "path": "Topic 4\\organic synthesis\\External papers and resources\\OPRD Green Chemistry Articles of Interest to the Pharmaceutical Industry\\Oct2013 Green Chemistry Articles of Interest to the Pharmaceutical Industry.pdf", "type": "application", "order": 0, "size": 1463193}}, {"pk": 132, "model": "repo.file", "fields": {"event": null, "title": null, "containing_path": 7, "dir_level": 2, "ready": false, "path": "Topic 4\\organic synthesis\\Internal papers and resources\\How green is your Valium today.pdf", "type": "application", "order": 0, "size": 1595582}}, {"pk": 133, "model": "repo.file", "fields": {"event": null, "title": null, "containing_path": 7, "dir_level": 2, "ready": false, "path": "Topic 4\\organic synthesis\\New material\\Route Selection References.docx", "type": "application", "order": 0, "size": 2108407}}, {"pk": 134, "model": "repo.file", "fields": {"event": null, "title": null, "containing_path": 7, "dir_level": 2, "ready": false, "path": "Topic 4\\organic synthesis\\New material\\Topic 4 Notes for organic synthesis - Route selection.docx", "type": "application", "order": 0, "size": 15031}}, {"pk": 135, "model": "repo.file", "fields": {"event": null, "title": null, "containing_path": 7, "dir_level": 3, "ready": false, "path": "Topic 4\\organic synthesis\\New material\\April 2014 RSA workshop material\\Book1.xlsx", "type": "application", "order": 0, "size": 14447}}, {"pk": 136, "model": "repo.file", "fields": {"event": null, "title": null, "containing_path": 7, "dir_level": 3, "ready": false, "path": "Topic 4\\organic synthesis\\New material\\April 2014 RSA workshop material\\Evaluation - 30 prints.pdf", "type": "application", "order": 0, "size": 13431}}, {"pk": 137, "model": "repo.file", "fields": {"event": null, "title": null, "containing_path": 7, "dir_level": 3, "ready": false, "path": "Topic 4\\organic synthesis\\New material\\April 2014 RSA workshop material\\Handout IV - 30 prints.pdf", "type": "application", "order": 0, "size": 224593}}, {"pk": 138, "model": "repo.file", "fields": {"event": null, "title": null, "containing_path": 7, "dir_level": 3, "ready": false, "path": "Topic 4\\organic synthesis\\New material\\April 2014 RSA workshop material\\Handouts I - 30 prints.pdf", "type": "application", "order": 0, "size": 561394}}, {"pk": 139, "model": "repo.file", "fields": {"event": null, "title": null, "containing_path": 7, "dir_level": 3, "ready": false, "path": "Topic 4\\organic synthesis\\New material\\April 2014 RSA workshop material\\Handouts II - 30 prints.pdf", "type": "application", "order": 0, "size": 449113}}, {"pk": 140, "model": "repo.file", "fields": {"event": null, "title": null, "containing_path": 7, "dir_level": 3, "ready": false, "path": "Topic 4\\organic synthesis\\New material\\April 2014 RSA workshop material\\Handouts III - 30 prints.pdf", "type": "application", "order": 0, "size": 368854}}, {"pk": 141, "model": "repo.file", "fields": {"event": null, "title": null, "containing_path": 7, "dir_level": 3, "ready": false, "path": "Topic 4\\organic synthesis\\New material\\April 2014 RSA workshop material\\Overview Enyzme - 30 prints.pdf", "type": "application", "order": 0, "size": 1551258}}, {"pk": 142, "model": "repo.file", "fields": {"event": null, "title": null, "containing_path": 7, "dir_level": 3, "ready": false, "path": "Topic 4\\organic synthesis\\New material\\April 2014 RSA workshop material\\Retrosynsheets - 5 prints.pdf", "type": "application", "order": 0, "size": 253389}}, {"pk": 143, "model": "repo.file", "fields": {"event": null, "title": null, "containing_path": 7, "dir_level": 3, "ready": false, "path": "Topic 4\\organic synthesis\\New material\\April 2014 RSA workshop material\\reyrneventyork.zip", "type": "application", "order": 0, "size": 5993530}}, {"pk": 144, "model": "repo.file", "fields": {"event": null, "title": null, "containing_path": 7, "dir_level": 3, "ready": false, "path": "Topic 4\\organic synthesis\\New material\\April 2014 RSA workshop material\\Synthesis Examples - 30 prints.pdf", "type": "application", "order": 0, "size": 1319369}}, {"pk": 145, "model": "repo.file", "fields": {"event": null, "title": null, "containing_path": 7, "dir_level": 3, "ready": false, "path": "Topic 4\\organic synthesis\\New material\\April 2014 RSA workshop material\\Synthesis Solutions - 30 prints.pdf", "type": "application", "order": 0, "size": 1465263}}, {"pk": 146, "model": "repo.file", "fields": {"event": null, "title": null, "containing_path": 7, "dir_level": 3, "ready": false, "path": "Topic 4\\organic synthesis\\New material\\April 2014 RSA workshop material\\Thumbs.db", "type": null, "order": 0, "size": 16384}}, {"pk": 147, "model": "repo.file", "fields": {"event": null, "title": null, "containing_path": 7, "dir_level": 4, "ready": false, "path": "Topic 4\\organic synthesis\\New material\\April 2014 RSA workshop material\\presentations\\Case studies.pdf", "type": "application", "order": 0, "size": 649575}}, {"pk": 148, "model": "repo.file", "fields": {"event": null, "title": null, "containing_path": 7, "dir_level": 4, "ready": false, "path": "Topic 4\\organic synthesis\\New material\\April 2014 RSA workshop material\\presentations\\Case studies.pptx", "type": "application", "order": 0, "size": 1906953}}, {"pk": 149, "model": "repo.file", "fields": {"event": null, "title": null, "containing_path": 7, "dir_level": 4, "ready": false, "path": "Topic 4\\organic synthesis\\New material\\April 2014 RSA workshop material\\presentations\\Thumbs.db", "type": null, "order": 0, "size": 23552}}, {"pk": 150, "model": "repo.file", "fields": {"event": null, "title": null, "containing_path": 7, "dir_level": 4, "ready": false, "path": "Topic 4\\organic synthesis\\New material\\April 2014 RSA workshop material\\presentations\\YRN_Enzymes.pdf", "type": "application", "order": 0, "size": 1897453}}, {"pk": 151, "model": "repo.file", "fields": {"event": null, "title": null, "containing_path": 7, "dir_level": 4, "ready": false, "path": "Topic 4\\organic synthesis\\New material\\April 2014 RSA workshop material\\presentations\\YRN_Enzymes.pptx", "type": "application", "order": 0, "size": 2640158}}, {"pk": 152, "model": "repo.file", "fields": {"event": null, "title": null, "containing_path": 7, "dir_level": 4, "ready": false, "path": "Topic 4\\organic synthesis\\New material\\April 2014 RSA workshop material\\presentations\\YRN_Wake-up call.pdf", "type": "application", "order": 0, "size": 576218}}, {"pk": 153, "model": "repo.file", "fields": {"event": null, "title": null, "containing_path": 7, "dir_level": 4, "ready": false, "path": "Topic 4\\organic synthesis\\New material\\April 2014 RSA workshop material\\presentations\\YRN_Wake-up call.pptx", "type": "application", "order": 0, "size": 699684}}, {"pk": 154, "model": "repo.file", "fields": {"event": null, "title": null, "containing_path": 7, "dir_level": 3, "ready": false, "path": "Topic 4\\organic synthesis\\New material\\Recordings\\AW YRN York route selection.wmv", "type": "video", "order": 0, "size": 130508404}}, {"pk": 155, "model": "repo.file", "fields": {"event": null, "title": null, "containing_path": 7, "dir_level": 3, "ready": false, "path": "Topic 4\\organic synthesis\\New material\\Recordings\\Thumbs.db", "type": null, "order": 0, "size": 16384}}, {"pk": 156, "model": "repo.file", "fields": {"event": null, "title": null, "containing_path": 12, "dir_level": 1, "ready": false, "path": "Topic 4\\WP2 Green Catalysis Flow\\Thumbs.db", "type": null, "order": 0, "size": 56832}}, {"pk": 157, "model": "repo.file", "fields": {"event": null, "title": null, "containing_path": 12, "dir_level": 2, "ready": false, "path": "Topic 4\\WP2 Green Catalysis Flow\\Amidation\\SAS Amide Bond Formation.docx", "type": "application", "order": 0, "size": 83809}}, {"pk": 158, "model": "repo.file", "fields": {"event": null, "title": null, "containing_path": 12, "dir_level": 2, "ready": false, "path": "Topic 4\\WP2 Green Catalysis Flow\\CH activation\\SAS C-H Activation.docx", "type": "application", "order": 0, "size": 13614}}, {"pk": 159, "model": "repo.file", "fields": {"event": null, "title": null, "containing_path": 12, "dir_level": 2, "ready": false, "path": "Topic 4\\WP2 Green Catalysis Flow\\CH activation\\SET for Britain Ryan Gorman poster.pdf", "type": "application", "order": 0, "size": 650683}}, {"pk": 160, "model": "repo.file", "fields": {"event": null, "title": null, "containing_path": 12, "dir_level": 4, "ready": false, "path": "Topic 4\\WP2 Green Catalysis Flow\\Chemocatalysis\\Papers and resources\\MSc lectures\\JHC MSc catalysis.wmv", "type": "video", "order": 0, "size": 264980380}}, {"pk": 161, "model": "repo.file", "fields": {"event": null, "title": null, "containing_path": 12, "dir_level": 4, "ready": false, "path": "Topic 4\\WP2 Green Catalysis Flow\\Chemocatalysis\\Papers and resources\\MSc lectures\\JHC MSc solid bases.wmv", "type": "video", "order": 0, "size": 271420294}}, {"pk": 162, "model": "repo.file", "fields": {"event": null, "title": null, "containing_path": 12, "dir_level": 4, "ready": false, "path": "Topic 4\\WP2 Green Catalysis Flow\\Chemocatalysis\\Papers and resources\\MSc lectures\\Thumbs.db", "type": null, "order": 0, "size": 22528}}, {"pk": 163, "model": "repo.file", "fields": {"event": null, "title": null, "containing_path": 12, "dir_level": 2, "ready": false, "path": "Topic 4\\WP2 Green Catalysis Flow\\Fluorination\\Thumbs.db", "type": null, "order": 0, "size": 46592}}, {"pk": 164, "model": "repo.file", "fields": {"event": null, "title": null, "containing_path": 12, "dir_level": 3, "ready": false, "path": "Topic 4\\WP2 Green Catalysis Flow\\Fluorination\\New material\\CF bond formation.docx", "type": "application", "order": 0, "size": 101167}}, {"pk": 165, "model": "repo.file", "fields": {"event": null, "title": null, "containing_path": 12, "dir_level": 4, "ready": false, "path": "Topic 4\\WP2 Green Catalysis Flow\\Fluorination\\New material\\Recordings\\SCI Graham.m4v", "type": "video", "order": 0, "size": 39858062}}, {"pk": 166, "model": "repo.file", "fields": {"event": null, "title": null, "containing_path": 12, "dir_level": 4, "ready": false, "path": "Topic 4\\WP2 Green Catalysis Flow\\Fluorination\\New material\\Recordings\\YRN Nov 2013 workshop Tony F2.mp4", "type": "video", "order": 0, "size": 25334118}}, {"pk": 167, "model": "repo.file", "fields": {"event": null, "title": null, "containing_path": 12, "dir_level": 3, "ready": false, "path": "Topic 4\\WP2 Green Catalysis Flow\\Fluorination\\Papers and resources\\Fig 1 Green Chem., 2015, 17, 2081.gif", "type": "image", "order": 0, "size": 81726}}, {"pk": 168, "model": "repo.file", "fields": {"event": null, "title": null, "containing_path": 12, "dir_level": 4, "ready": false, "path": "Topic 4\\WP2 Green Catalysis Flow\\Fluorination\\Papers and resources\\Info from Graham\\G Sandford FloHet 15 Short Course [FINAL 9-2-2015).ppt", "type": "application", "order": 0, "size": 13965312}}, {"pk": 169, "model": "repo.file", "fields": {"event": null, "title": null, "containing_path": 12, "dir_level": 4, "ready": false, "path": "Topic 4\\WP2 Green Catalysis Flow\\Fluorination\\Papers and resources\\Info from Graham\\Thumbs.db", "type": null, "order": 0, "size": 13312}}, {"pk": 170, "model": "repo.file", "fields": {"event": null, "title": null, "containing_path": 12, "dir_level": 4, "ready": false, "path": "Topic 4\\WP2 Green Catalysis Flow\\Fluorination\\Papers and resources\\MSc lecture\\JHC Fluorine MChem.wmv", "type": "video", "order": 0, "size": 336456416}}, {"pk": 171, "model": "repo.file", "fields": {"event": null, "title": null, "containing_path": 12, "dir_level": 4, "ready": false, "path": "Topic 4\\WP2 Green Catalysis Flow\\Fluorination\\Papers and resources\\MSc lecture\\Thumbs.db", "type": null, "order": 0, "size": 14336}}, {"pk": 172, "model": "repo.file", "fields": {"event": null, "title": null, "containing_path": 12, "dir_level": 2, "ready": false, "path": "Topic 4\\WP2 Green Catalysis Flow\\Multicomponent reactions\\Thumbs.db", "type": null, "order": 0, "size": 55296}}, {"pk": 173, "model": "repo.file", "fields": {"event": null, "title": null, "containing_path": 12, "dir_level": 2, "ready": false, "path": "Topic 4\\WP2 Green Catalysis Flow\\Multicomponent reactions\\~$pic 4 synthetic toolbox - amended Multicomponent Reactions as sustainable synthetic tools.docx", "type": "application", "order": 0, "size": 162}}, {"pk": 174, "model": "repo.file", "fields": {"event": null, "title": null, "containing_path": 12, "dir_level": 3, "ready": false, "path": "Topic 4\\WP2 Green Catalysis Flow\\Multicomponent reactions\\Background material\\3 component synthesis of isothioureas.cdx", "type": null, "order": 0, "size": 8332}}, {"pk": 175, "model": "repo.file", "fields": {"event": null, "title": null, "containing_path": 12, "dir_level": 3, "ready": false, "path": "Topic 4\\WP2 Green Catalysis Flow\\Multicomponent reactions\\Background material\\3 component synthesis of isothioureas.png", "type": "image", "order": 0, "size": 35514}}, {"pk": 176, "model": "repo.file", "fields": {"event": null, "title": null, "containing_path": 12, "dir_level": 3, "ready": false, "path": "Topic 4\\WP2 Green Catalysis Flow\\Multicomponent reactions\\Background material\\Eco-friendly synthesis of a-aminonitriles from ketones in PEG-400 medium.pdf", "type": "application", "order": 0, "size": 2147027}}, {"pk": 177, "model": "repo.file", "fields": {"event": null, "title": null, "containing_path": 12, "dir_level": 3, "ready": false, "path": "Topic 4\\WP2 Green Catalysis Flow\\Multicomponent reactions\\Background material\\Efficient Multicomponent Reaction Synthesis of the Schistosomiasis Drug Praziquantel.pdf", "type": "application", "order": 0, "size": 202489}}, {"pk": 178, "model": "repo.file", "fields": {"event": null, "title": null, "containing_path": 12, "dir_level": 3, "ready": false, "path": "Topic 4\\WP2 Green Catalysis Flow\\Multicomponent reactions\\Background material\\metrics praziquantel.xlsx", "type": "application", "order": 0, "size": 406092}}, {"pk": 179, "model": "repo.file", "fields": {"event": null, "title": null, "containing_path": 12, "dir_level": 3, "ready": false, "path": "Topic 4\\WP2 Green Catalysis Flow\\Multicomponent reactions\\Background material\\multicomponent rtns cioc.pdf", "type": "application", "order": 0, "size": 1870995}}, {"pk": 180, "model": "repo.file", "fields": {"event": null, "title": null, "containing_path": 12, "dir_level": 3, "ready": false, "path": "Topic 4\\WP2 Green Catalysis Flow\\Multicomponent reactions\\Background material\\Potassium Hexacyanoferrate(II) as an Environmentally Benign Cyanide.pdf", "type": "application", "order": 0, "size": 108773}}, {"pk": 181, "model": "repo.file", "fields": {"event": null, "title": null, "containing_path": 12, "dir_level": 3, "ready": false, "path": "Topic 4\\WP2 Green Catalysis Flow\\Multicomponent reactions\\Background material\\praxiquantel.cdx", "type": null, "order": 0, "size": 11098}}, {"pk": 182, "model": "repo.file", "fields": {"event": null, "title": null, "containing_path": 12, "dir_level": 3, "ready": false, "path": "Topic 4\\WP2 Green Catalysis Flow\\Multicomponent reactions\\Background material\\praxiquantel.jpg", "type": "image", "order": 0, "size": 66173}}, {"pk": 183, "model": "repo.file", "fields": {"event": null, "title": null, "containing_path": 12, "dir_level": 3, "ready": false, "path": "Topic 4\\WP2 Green Catalysis Flow\\Multicomponent reactions\\Background material\\praxiquantel.png", "type": "image", "order": 0, "size": 88998}}, {"pk": 184, "model": "repo.file", "fields": {"event": null, "title": null, "containing_path": 12, "dir_level": 3, "ready": false, "path": "Topic 4\\WP2 Green Catalysis Flow\\Multicomponent reactions\\Background material\\supporting information Efficient Multicomponent Reaction Synthesis of the Schistosomiasis Drug Praziquantel.pdf", "type": "application", "order": 0, "size": 676546}}, {"pk": 185, "model": "repo.file", "fields": {"event": null, "title": null, "containing_path": 12, "dir_level": 3, "ready": false, "path": "Topic 4\\WP2 Green Catalysis Flow\\Multicomponent reactions\\Background material\\Table 1 multicomponent rtns v2.png", "type": "image", "order": 0, "size": 127325}}, {"pk": 186, "model": "repo.file", "fields": {"event": null, "title": null, "containing_path": 12, "dir_level": 3, "ready": false, "path": "Topic 4\\WP2 Green Catalysis Flow\\Multicomponent reactions\\Background material\\Table 1 multicomponent rtns.png", "type": "image", "order": 0, "size": 129154}}, {"pk": 187, "model": "repo.file", "fields": {"event": null, "title": null, "containing_path": 12, "dir_level": 3, "ready": false, "path": "Topic 4\\WP2 Green Catalysis Flow\\Multicomponent reactions\\New material\\Topic 4 synthetic toolbox - amended Multicomponent Reactions as sustainable synthetic tools.docx", "type": "application", "order": 0, "size": 2229815}}, {"pk": 188, "model": "repo.file", "fields": {"event": null, "title": null, "containing_path": 30, "dir_level": 1, "ready": false, "path": "Topic 4\\WP3 Biocatalysis\\Thumbs.db", "type": null, "order": 0, "size": 158720}}, {"pk": 189, "model": "repo.file", "fields": {"event": null, "title": null, "containing_path": 30, "dir_level": 2, "ready": false, "path": "Topic 4\\WP3 Biocatalysis\\External papers and resources\\biocatalytic processes for practical pharmaceutical synthesis.htm", "type": "text", "order": 0, "size": 53703}}, {"pk": 190, "model": "repo.file", "fields": {"event": null, "title": null, "containing_path": 30, "dir_level": 2, "ready": false, "path": "Topic 4\\WP3 Biocatalysis\\External papers and resources\\Enzyme cascade reactions synthesis of furandicarboxylic acid (FDCA) and carboxylic acids using oxidases in tandem.pdf", "type": "application", "order": 0, "size": 278198}}, {"pk": 191, "model": "repo.file", "fields": {"event": null, "title": null, "containing_path": 30, "dir_level": 2, "ready": false, "path": "Topic 4\\WP3 Biocatalysis\\External papers and resources\\Expanding the organic toolbox a guide to integrating biocatalysis in synthesis.pdf", "type": "application", "order": 0, "size": 1614511}}, {"pk": 192, "model": "repo.file", "fields": {"event": null, "title": null, "containing_path": 30, "dir_level": 2, "ready": false, "path": "Topic 4\\WP3 Biocatalysis\\External papers and resources\\recent progress in industrial biocatalysis.pdf", "type": "application", "order": 0, "size": 319252}}, {"pk": 193, "model": "repo.file", "fields": {"event": null, "title": null, "containing_path": 30, "dir_level": 2, "ready": false, "path": "Topic 4\\WP3 Biocatalysis\\External papers and resources\\Scalable Green Chemistry  Case Studies from the Pharmaceutical Industry - Google Books.html", "type": "text", "order": 0, "size": 181099}}, {"pk": 194, "model": "repo.file", "fields": {"event": null, "title": null, "containing_path": 30, "dir_level": 2, "ready": false, "path": "Topic 4\\WP3 Biocatalysis\\External papers and resources\\Sheldon Fundamentals of green chemistry efficiency in reaction design.pdf", "type": "application", "order": 0, "size": 1847003}}, {"pk": 195, "model": "repo.file", "fields": {"event": null, "title": null, "containing_path": 30, "dir_level": 2, "ready": false, "path": "Topic 4\\WP3 Biocatalysis\\External papers and resources\\Wells_et_al-2014-ChemCatChem.pdf", "type": "application", "order": 0, "size": 316977}}, {"pk": 196, "model": "repo.file", "fields": {"event": null, "title": null, "containing_path": 30, "dir_level": 3, "ready": false, "path": "Topic 4\\WP3 Biocatalysis\\External papers and resources\\Scalable Green Chemistry  Case Studies from the Pharmaceutical Industry - Google Books_files\\books", "type": null, "order": 0, "size": 51321}}, {"pk": 197, "model": "repo.file", "fields": {"event": null, "title": null, "containing_path": 30, "dir_level": 3, "ready": false, "path": "Topic 4\\WP3 Biocatalysis\\External papers and resources\\Scalable Green Chemistry  Case Studies from the Pharmaceutical Industry - Google Books_files\\books(1)", "type": null, "order": 0, "size": 42319}}, {"pk": 198, "model": "repo.file", "fields": {"event": null, "title": null, "containing_path": 30, "dir_level": 3, "ready": false, "path": "Topic 4\\WP3 Biocatalysis\\External papers and resources\\Scalable Green Chemistry  Case Studies from the Pharmaceutical Industry - Google Books_files\\books(2)", "type": null, "order": 0, "size": 88066}}, {"pk": 199, "model": "repo.file", "fields": {"event": null, "title": null, "containing_path": 30, "dir_level": 3, "ready": false, "path": "Topic 4\\WP3 Biocatalysis\\External papers and resources\\Scalable Green Chemistry  Case Studies from the Pharmaceutical Industry - Google Books_files\\books_logo_sm.png", "type": "image", "order": 0, "size": 5561}}, {"pk": 200, "model": "repo.file", "fields": {"event": null, "title": null, "containing_path": 30, "dir_level": 3, "ready": false, "path": "Topic 4\\WP3 Biocatalysis\\External papers and resources\\Scalable Green Chemistry  Case Studies from the Pharmaceutical Industry - Google Books_files\\cb=gapi.loaded_0", "type": null, "order": 0, "size": 140228}}, {"pk": 201, "model": "repo.file", "fields": {"event": null, "title": null, "containing_path": 30, "dir_level": 3, "ready": false, "path": "Topic 4\\WP3 Biocatalysis\\External papers and resources\\Scalable Green Chemistry  Case Studies from the Pharmaceutical Industry - Google Books_files\\cleardot.gif", "type": "image", "order": 0, "size": 43}}, {"pk": 202, "model": "repo.file", "fields": {"event": null, "title": null, "containing_path": 30, "dir_level": 3, "ready": false, "path": "Topic 4\\WP3 Biocatalysis\\External papers and resources\\Scalable Green Chemistry  Case Studies from the Pharmaceutical Industry - Google Books_files\\content", "type": null, "order": 0, "size": 15242}}, {"pk": 203, "model": "repo.file", "fields": {"event": null, "title": null, "containing_path": 30, "dir_level": 3, "ready": false, "path": "Topic 4\\WP3 Biocatalysis\\External papers and resources\\Scalable Green Chemistry  Case Studies from the Pharmaceutical Industry - Google Books_files\\content(1)", "type": null, "order": 0, "size": 15240}}, {"pk": 204, "model": "repo.file", "fields": {"event": null, "title": null, "containing_path": 30, "dir_level": 3, "ready": false, "path": "Topic 4\\WP3 Biocatalysis\\External papers and resources\\Scalable Green Chemistry  Case Studies from the Pharmaceutical Industry - Google Books_files\\fastbutton.html", "type": "text", "order": 0, "size": 32850}}, {"pk": 205, "model": "repo.file", "fields": {"event": null, "title": null, "containing_path": 30, "dir_level": 3, "ready": false, "path": "Topic 4\\WP3 Biocatalysis\\External papers and resources\\Scalable Green Chemistry  Case Studies from the Pharmaceutical Industry - Google Books_files\\ga.js", "type": "application", "order": 0, "size": 41118}}, {"pk": 206, "model": "repo.file", "fields": {"event": null, "title": null, "containing_path": 30, "dir_level": 3, "ready": false, "path": "Topic 4\\WP3 Biocatalysis\\External papers and resources\\Scalable Green Chemistry  Case Studies from the Pharmaceutical Industry - Google Books_files\\imgad", "type": null, "order": 0, "size": 1865}}, {"pk": 207, "model": "repo.file", "fields": {"event": null, "title": null, "containing_path": 30, "dir_level": 3, "ready": false, "path": "Topic 4\\WP3 Biocatalysis\\External papers and resources\\Scalable Green Chemistry  Case Studies from the Pharmaceutical Industry - Google Books_files\\insert_link.png", "type": "image", "order": 0, "size": 227}}, {"pk": 208, "model": "repo.file", "fields": {"event": null, "title": null, "containing_path": 30, "dir_level": 3, "ready": false, "path": "Topic 4\\WP3 Biocatalysis\\External papers and resources\\Scalable Green Chemistry  Case Studies from the Pharmaceutical Industry - Google Books_files\\kl_viewport_kennedy_full_bundle.css", "type": "text", "order": 0, "size": 91198}}, {"pk": 209, "model": "repo.file", "fields": {"event": null, "title": null, "containing_path": 30, "dir_level": 3, "ready": false, "path": "Topic 4\\WP3 Biocatalysis\\External papers and resources\\Scalable Green Chemistry  Case Studies from the Pharmaceutical Industry - Google Books_files\\maximize.png", "type": "image", "order": 0, "size": 232}}, {"pk": 210, "model": "repo.file", "fields": {"event": null, "title": null, "containing_path": 30, "dir_level": 3, "ready": false, "path": "Topic 4\\WP3 Biocatalysis\\External papers and resources\\Scalable Green Chemistry  Case Studies from the Pharmaceutical Industry - Google Books_files\\menu_down_arrow.png", "type": "image", "order": 0, "size": 201}}, {"pk": 211, "model": "repo.file", "fields": {"event": null, "title": null, "containing_path": 30, "dir_level": 3, "ready": false, "path": "Topic 4\\WP3 Biocatalysis\\External papers and resources\\Scalable Green Chemistry  Case Studies from the Pharmaceutical Industry - Google Books_files\\one_up_page_view.png", "type": "image", "order": 0, "size": 213}}, {"pk": 212, "model": "repo.file", "fields": {"event": null, "title": null, "containing_path": 30, "dir_level": 3, "ready": false, "path": "Topic 4\\WP3 Biocatalysis\\External papers and resources\\Scalable Green Chemistry  Case Studies from the Pharmaceutical Industry - Google Books_files\\page_left.png", "type": "image", "order": 0, "size": 200}}, {"pk": 213, "model": "repo.file", "fields": {"event": null, "title": null, "containing_path": 30, "dir_level": 3, "ready": false, "path": "Topic 4\\WP3 Biocatalysis\\External papers and resources\\Scalable Green Chemistry  Case Studies from the Pharmaceutical Industry - Google Books_files\\page_right.png", "type": "image", "order": 0, "size": 206}}, {"pk": 214, "model": "repo.file", "fields": {"event": null, "title": null, "containing_path": 30, "dir_level": 3, "ready": false, "path": "Topic 4\\WP3 Biocatalysis\\External papers and resources\\Scalable Green Chemistry  Case Studies from the Pharmaceutical Industry - Google Books_files\\rs=AItRSTNEswj8oCBvqJQWPGDzEGIhzgLjQw", "type": null, "order": 0, "size": 166586}}, {"pk": 215, "model": "repo.file", "fields": {"event": null, "title": null, "containing_path": 30, "dir_level": 3, "ready": false, "path": "Topic 4\\WP3 Biocatalysis\\External papers and resources\\Scalable Green Chemistry  Case Studies from the Pharmaceutical Industry - Google Books_files\\settings.png", "type": "image", "order": 0, "size": 270}}, {"pk": 216, "model": "repo.file", "fields": {"event": null, "title": null, "containing_path": 30, "dir_level": 3, "ready": false, "path": "Topic 4\\WP3 Biocatalysis\\External papers and resources\\Scalable Green Chemistry  Case Studies from the Pharmaceutical Industry - Google Books_files\\two_up_page_view.png", "type": "image", "order": 0, "size": 178}}, {"pk": 217, "model": "repo.file", "fields": {"event": null, "title": null, "containing_path": 30, "dir_level": 3, "ready": false, "path": "Topic 4\\WP3 Biocatalysis\\External papers and resources\\Scalable Green Chemistry  Case Studies from the Pharmaceutical Industry - Google Books_files\\v2_c84e32acaf3c9ec77dc7e413a95e798b__en.js", "type": "application", "order": 0, "size": 289938}}, {"pk": 218, "model": "repo.file", "fields": {"event": null, "title": null, "containing_path": 30, "dir_level": 3, "ready": false, "path": "Topic 4\\WP3 Biocatalysis\\External papers and resources\\Scalable Green Chemistry  Case Studies from the Pharmaceutical Industry - Google Books_files\\zoom_out.png", "type": "image", "order": 0, "size": 260}}, {"pk": 219, "model": "repo.file", "fields": {"event": null, "title": null, "containing_path": 30, "dir_level": 3, "ready": false, "path": "Topic 4\\WP3 Biocatalysis\\External papers and resources\\Scalable Green Chemistry  Case Studies from the Pharmaceutical Industry - Google Books_files\\zoom_tool.png", "type": "image", "order": 0, "size": 2953}}, {"pk": 220, "model": "repo.file", "fields": {"event": null, "title": null, "containing_path": 30, "dir_level": 2, "ready": false, "path": "Topic 4\\WP3 Biocatalysis\\Internal papers and resources\\Giulia Paggiola - Biocatalysts in biosolvents.pdf", "type": "application", "order": 0, "size": 518517}}, {"pk": 221, "model": "repo.file", "fields": {"event": null, "title": null, "containing_path": 30, "dir_level": 2, "ready": false, "path": "Topic 4\\WP3 Biocatalysis\\Internal papers and resources\\NTurner_biocatalytic_retrosynthesis.pdf", "type": "application", "order": 0, "size": 314989}}, {"pk": 222, "model": "repo.file", "fields": {"event": null, "title": null, "containing_path": 30, "dir_level": 3, "ready": false, "path": "Topic 4\\WP3 Biocatalysis\\Internal papers and resources\\MSc lectures\\gideon MSc Biocatalysis.wmv", "type": "video", "order": 0, "size": 236356972}}, {"pk": 223, "model": "repo.file", "fields": {"event": null, "title": null, "containing_path": 30, "dir_level": 3, "ready": false, "path": "Topic 4\\WP3 Biocatalysis\\Internal papers and resources\\MSc lectures\\Thumbs.db", "type": null, "order": 0, "size": 15872}}, {"pk": 224, "model": "repo.file", "fields": {"event": null, "title": null, "containing_path": 30, "dir_level": 2, "ready": false, "path": "Topic 4\\WP3 Biocatalysis\\New material\\Introduction to Biocatalysis 2014 Anthony Green.pptx", "type": "application", "order": 0, "size": 7147111}}, {"pk": 225, "model": "repo.file", "fields": {"event": null, "title": null, "containing_path": 30, "dir_level": 2, "ready": false, "path": "Topic 4\\WP3 Biocatalysis\\New material\\MOOC_Module X Pharmaceuticals and fine chemicals.docx", "type": "application", "order": 0, "size": 22488}}, {"pk": 226, "model": "repo.file", "fields": {"event": null, "title": null, "containing_path": 30, "dir_level": 2, "ready": false, "path": "Topic 4\\WP3 Biocatalysis\\New material\\Topic 4 Notes Biocatalysis.docx", "type": "application", "order": 0, "size": 13967}}, {"pk": 227, "model": "repo.file", "fields": {"event": null, "title": null, "containing_path": 30, "dir_level": 3, "ready": false, "path": "Topic 4\\WP3 Biocatalysis\\New material\\Recordings\\Anthony Green biocatalysis WP3 F2F 2014 Amsterdam.m4v", "type": "video", "order": 0, "size": 25503210}}, {"pk": 228, "model": "repo.file", "fields": {"event": null, "title": null, "containing_path": 30, "dir_level": 3, "ready": false, "path": "Topic 4\\WP3 Biocatalysis\\New material\\Recordings\\AW WP3 F2F 2014 Amsterdam Examples of biocatalysis and enzyme evolution .mp4", "type": "video", "order": 0, "size": 40238240}}, {"pk": 229, "model": "repo.file", "fields": {"event": null, "title": null, "containing_path": 30, "dir_level": 3, "ready": false, "path": "Topic 4\\WP3 Biocatalysis\\New material\\Recordings\\AW WP3 F2F 2014 Amsterdam Examples of biocatalysis and enzyme evolution.wmv", "type": "video", "order": 0, "size": 267825392}}, {"pk": 230, "model": "repo.file", "fields": {"event": null, "title": null, "containing_path": 30, "dir_level": 3, "ready": false, "path": "Topic 4\\WP3 Biocatalysis\\New material\\Recordings\\Case studies.avi", "type": "video", "order": 0, "size": 60099858}}, {"pk": 231, "model": "repo.file", "fields": {"event": null, "title": null, "containing_path": 30, "dir_level": 3, "ready": false, "path": "Topic 4\\WP3 Biocatalysis\\New material\\Recordings\\nicholas-j-turner-sci-nov-2014-redesigning-synthetic-chemistry-routes-by-employing-engineered-biocatalysts.mp4", "type": "video", "order": 0, "size": 33863153}}, {"pk": 232, "model": "repo.file", "fields": {"event": null, "title": null, "containing_path": 30, "dir_level": 3, "ready": false, "path": "Topic 4\\WP3 Biocatalysis\\New material\\Recordings\\Nick Turner biocatalysis_WS1_Jan2013.m4v", "type": "video", "order": 0, "size": 12287168}}, {"pk": 233, "model": "repo.file", "fields": {"event": null, "title": null, "containing_path": 30, "dir_level": 3, "ready": false, "path": "Topic 4\\WP3 Biocatalysis\\New material\\Recordings\\Thumbs.db", "type": null, "order": 0, "size": 73728}}, {"pk": 234, "model": "repo.file", "fields": {"event": null, "title": null, "containing_path": 24, "dir_level": 1, "ready": false, "path": "Topic 4\\WP4 synthetic biology\\Thumbs.db", "type": null, "order": 0, "size": 9728}}, {"pk": 235, "model": "repo.file", "fields": {"event": null, "title": null, "containing_path": 24, "dir_level": 3, "ready": false, "path": "Topic 4\\WP4 synthetic biology\\New material\\Recordings\\synth_biol_WS1_jan2013.m4v", "type": "video", "order": 0, "size": 17359904}}, {"pk": 236, "model": "repo.file", "fields": {"event": null, "title": null, "containing_path": 21, "dir_level": 0, "ready": false, "path": "Topic 5\\Thumbs.db", "type": null, "order": 0, "size": 22016}}, {"pk": 237, "model": "repo.file", "fields": {"event": null, "title": null, "containing_path": 19, "dir_level": 0, "ready": false, "path": "Topic 6\\CHEM21 deliverable D5.10 and 5.11_LS track changes.docx", "type": "application", "order": 0, "size": 7118072}}, {"pk": 238, "model": "repo.file", "fields": {"event": null, "title": null, "containing_path": 19, "dir_level": 0, "ready": false, "path": "Topic 6\\D5.1 Ecopharmacostewardship disc doc final version.pdf", "type": "application", "order": 0, "size": 242788}}, {"pk": 239, "model": "repo.file", "fields": {"event": null, "title": null, "containing_path": 19, "dir_level": 0, "ready": false, "path": "Topic 6\\GreenPharm_Chapter.doc", "type": "application", "order": 0, "size": 212992}}, {"pk": 240, "model": "repo.file", "fields": {"event": null, "title": null, "containing_path": 19, "dir_level": 0, "ready": false, "path": "Topic 6\\GreenPharm_Chapter_KK MH 19 08 10.doc", "type": "application", "order": 0, "size": 225280}}, {"pk": 241, "model": "repo.file", "fields": {"event": null, "title": null, "containing_path": 19, "dir_level": 0, "ready": false, "path": "Topic 6\\JHC environmental maganment systems MSc.wmv", "type": "video", "order": 0, "size": 319052614}}, {"pk": 242, "model": "repo.file", "fields": {"event": null, "title": null, "containing_path": 19, "dir_level": 0, "ready": false, "path": "Topic 6\\Thumbs.db", "type": null, "order": 0, "size": 25600}}, {"pk": 243, "model": "repo.file", "fields": {"event": null, "title": null, "containing_path": 5, "dir_level": 1, "ready": false, "path": "Topic 6\\Analysis\\Approaches to Assessment, Testing Decisions, and Analytical determination of genotoxic impurities.pdf", "type": "application", "order": 0, "size": 230807}}, {"pk": 244, "model": "repo.file", "fields": {"event": null, "title": null, "containing_path": 5, "dir_level": 1, "ready": false, "path": "Topic 6\\Analysis\\Identification of Critical Process Impurities and Their Impact on Process Research & development.pdf", "type": "application", "order": 0, "size": 155557}}, {"pk": 245, "model": "repo.file", "fields": {"event": null, "title": null, "containing_path": 23, "dir_level": 1, "ready": false, "path": "Topic 6\\Benign by design\\Extract from RSC green pharma report.docx", "type": "application", "order": 0, "size": 16139}}, {"pk": 246, "model": "repo.file", "fields": {"event": null, "title": null, "containing_path": 32, "dir_level": 1, "ready": false, "path": "Topic 6\\Environmental Legislation\\YRN  Route selection environmental  legislation.ppt", "type": "application", "order": 0, "size": 372224}}, {"pk": 247, "model": "repo.file", "fields": {"event": null, "title": null, "containing_path": 6, "dir_level": 1, "ready": false, "path": "Topic 6\\Regulatory & safety issues\\Setting Limits for Genotoxic Impurities in drug substances.pdf", "type": "application", "order": 0, "size": 278910}}, {"pk": 248, "model": "repo.file", "fields": {"event": 1, "title": "Biocatalysis Part 2", "containing_path": 30, "dir_level": 0, "ready": false, "path": "Topic 4\\WP3 Biocatalysis\\New material\\Recordings\\yrn-workshop-york-04-2015-biocatalysis-part-2.mp4", "type": "video", "order": 0, "size": 71331370}}, {"pk": 249, "model": "repo.file", "fields": {"event": 1, "title": "Wake-up call on retrosynthesis", "containing_path": 30, "dir_level": 0, "ready": false, "path": "Topic 4\\WP3 Biocatalysis\\New material\\Recordings\\yrn-workshop-york-04-2015-wake-up-call-on-retrosynthesis.avi", "type": "video", "order": 0, "size": 46039464}}, {"pk": 250, "model": "repo.file", "fields": {"event": 1, "title": "Development of mild and selective Pd-mediated C2-arylations of tryptophans and tryptophan-containing peptides", "containing_path": 12, "dir_level": 0, "ready": false, "path": "Topic 4\\WP2 Green Catalysis Flow\\New material\\Recordings\\yrn-workshop-york-04-2015-development-of-mild-and-selective-pd-mediated-c2-arylations-of-tryptophans-and-tryptophan-containing-peptides.avi", "type": "video", "order": 0, "size": 113023442}}, {"pk": 251, "model": "repo.file", "fields": {"event": 1, "title": "Toluene vs. Citrus-waste derived solvents", "containing_path": 30, "dir_level": 0, "ready": false, "path": "Topic 4\\WP3 Biocatalysis\\New material\\Recordings\\yrn-workshop-york-04-2015-toluene-vs-citrus-waste-derived-solvents.avi", "type": "video", "order": 0, "size": 122811634}}, {"pk": 252, "model": "repo.file", "fields": {"event": 1, "title": "Fifty shades of Palladium", "containing_path": 12, "dir_level": 0, "ready": false, "path": "Topic 4\\WP2 Green Catalysis Flow\\New material\\Recordings\\yrn-workshop-york-04-2015-fifty-shades-of-palladium.avi", "type": "video", "order": 0, "size": 277927860}}, {"pk": 253, "model": "repo.file", "fields": {"event": 1, "title": "Amide Formation for the Preparation of Greener Pharmaceuticals", "containing_path": 12, "dir_level": 0, "ready": false, "path": "Topic 4\\WP2 Green Catalysis Flow\\New material\\Recordings\\yrn-workshop-york-04-2015-amide-formation-for-the-preparation-of-greener-pharmaceuticals.avi", "type": "video", "order": 0, "size": 90969990}}, {"pk": 254, "model": "repo.file", "fields": {"event": 1, "title": "Pharma development: discovery & launch of Nexium a $5 billion blockbuster", "containing_path": 11, "dir_level": 0, "ready": false, "path": "Topic 1\\Intro to the pharma industry\\New material\\Recordings\\yrn-workshop-york-04-2015-pharma-development-discovery-launch-of-nexium-a-5-billion-blockbuster.avi", "type": "video", "order": 0, "size": 373509570}}, {"pk": 255, "model": "repo.file", "fields": {"event": 1, "title": "Assuring Product Quality", "containing_path": 6, "dir_level": 0, "ready": false, "path": "Topic 6\\Regulatory & safety issues\\New material\\Recordings\\yrn-workshop-york-04-2015-assuring-product-quality.avi", "type": "video", "order": 0, "size": 304055370}}, {"pk": 256, "model": "repo.file", "fields": {"event": 1, "title": "Copper Catalysed C-H Activation: A Sustainable, Efficient and Inexpensive Way To Prepare Medicinally Important Structures", "containing_path": 12, "dir_level": 0, "ready": false, "path": "Topic 4\\WP2 Green Catalysis Flow\\New material\\Recordings\\yrn-workshop-york-04-2015-copper-catalysed-c-h-activation-a-sustainable-efficient-and-inexpensive-way-to-prepare-medicinally-important-structures.avi", "type": "video", "order": 0, "size": 81559820}}, {"pk": 257, "model": "repo.file", "fields": {"event": 1, "title": "The T2 incident - reactive hazards in scaling up reactions", "containing_path": 9, "dir_level": 0, "ready": false, "path": "Topic 5\\whole process design\\New material\\Recordings\\yrn-workshop-york-04-2015-the-t2-incident-reactive-hazards-in-scaling-up-reactions.avi", "type": "video", "order": 0, "size": 1924225472}}, {"pk": 258, "model": "repo.file", "fields": {"event": 1, "title": "Platform molecules for pharmaceutical manufacturing", "containing_path": 8, "dir_level": 0, "ready": false, "path": "Topic 1\\renewable resources\\New material\\Recordings\\yrn-workshop-york-04-2015-platform-molecules-for-pharmaceutical-manufacturing.avi", "type": "video", "order": 0, "size": 263257532}}, {"pk": 259, "model": "repo.file", "fields": {"event": 1, "title": "Elemental fluorine for greener synthesis of life science building blocks", "containing_path": 8, "dir_level": 0, "ready": false, "path": "Topic 1\\renewable resources\\New material\\Recordings\\yrn-workshop-york-04-2015-elemental-fluorine-for-greener-synthesis-of-life-science-building-blocks.avi", "type": "video", "order": 0, "size": 121123462}}, {"pk": 260, "model": "repo.file", "fields": {"event": 38, "title": "Lecture 1, Increasing Efficiency and Minimising Waste from Resolution Processes", "containing_path": 9, "dir_level": 0, "ready": false, "path": "C:\\Users\\Public\\Documents\\TempVideo\\sustainable-chemistry-antwerp-05-2015-lecture-1-increasing-efficiency-and-minimising-waste-from-resolution-processes.mp4", "type": "video", "order": 0, "size": 69245847}}, {"pk": 261, "model": "repo.file", "fields": {"event": 38, "title": "Lecture 1, Increasing Efficiency and Minimising Waste from Resolution Processes", "containing_path": 9, "dir_level": 0, "ready": false, "path": "Topic 5\\whole process design\\sustainable-chemistry-antwerp-05-2015-lecture-1-increasing-efficiency-and-minimising-waste-from-resolution-processes.mp4", "type": "video", "order": 0, "size": 69245847}}, {"pk": 262, "model": "repo.file", "fields": {"event": 38, "title": "Lecture 1, Increasing Efficiency and Minimising Waste from Resolution Processes", "containing_path": 9, "dir_level": 0, "ready": false, "path": "Topic 5\\whole process design\\sustainable-chemistry-antwerp-may-2015-lecture1.mp4", "type": "video", "order": 0, "size": 69245847}}, {"pk": 263, "model": "repo.file", "fields": {"event": 38, "title": "Lecture 2, Biocatalytic Retrosynthesis: Designing New Synthetic Routes to Target Molecules", "containing_path": 30, "dir_level": 0, "ready": false, "path": "Topic 4\\WP3 Biocatalysis\\sustainable-chemistry-antwerp-05-2015-lecture-2-biocatalytic-retrosynthesis-designing-new-synthetic-routes-to-target-molecules.mp4", "type": "video", "order": 0, "size": 65060707}}, {"pk": 264, "model": "repo.file", "fields": {"event": 38, "title": "Lecture 4,Vision 2020: Finding Opportunities to Improve the Sustainability of Chemical Manufacturing", "containing_path": 11, "dir_level": 0, "ready": false, "path": "Topic 1\\Intro to the pharma industry\\sustainable-chemistry-antwerp-05-2015-lecture-4vision-2020-finding-opportunities-to-improve-the-sustainability-of-chemical-manufacturing.mp4", "type": "video", "order": 0, "size": 39296816}}, {"pk": 265, "model": "repo.file", "fields": {"event": 38, "title": "Lecture 5, Catalytic Conversion of Renewable Resources into Bulk and Fine Chemicals", "containing_path": 8, "dir_level": 0, "ready": false, "path": "Topic 1\\renewable resources\\sustainable-chemistry-antwerp-05-2015-lecture-5-catalytic-conversion-of-renewable-resources-into-bulk-and-fine-chemicals.mp4", "type": "video", "order": 0, "size": 71586355}}, {"pk": 266, "model": "repo.file", "fields": {"event": 38, "title": "Lecture 6, Precious Catalysis with Non-Noble Metals", "containing_path": 12, "dir_level": 0, "ready": false, "path": "Topic 4\\WP2 Green Catalysis Flow\\sustainable-chemistry-antwerp-05-2015-lecture-6-precious-catalysis-with-non-noble-metals.mp4", "type": "video", "order": 0, "size": 70400482}}, {"pk": 267, "model": "repo.file", "fields": {"event": 38, "title": "Lecture 7, Rethinking Amide Bond Formation", "containing_path": 12, "dir_level": 0, "ready": false, "path": "Topic 4\\WP2 Green Catalysis Flow\\sustainable-chemistry-antwerp-05-2015-lecture-7-rethinking-amide-bond-formation.mp4", "type": "video", "order": 0, "size": 64249045}}, {"pk": 1, "model": "repo.path", "fields": {"topic": 1, "active": true, "name": "Topic 1\\waste", "module": 1}}, {"pk": 2, "model": "repo.path", "fields": {"topic": 1, "active": true, "name": "Topic 1\\Intro to process chem", "module": 2}}, {"pk": 3, "model": "repo.path", "fields": {"topic": 2, "active": true, "name": "Topic 2\\LCA", "module": 3}}, {"pk": 4, "model": "repo.path", "fields": {"topic": 1, "active": true, "name": "Topic 1\\solvents", "module": 4}}, {"pk": 5, "model": "repo.path", "fields": {"topic": 3, "active": true, "name": "Topic 6\\Analysis", "module": 5}}, {"pk": 6, "model": "repo.path", "fields": {"topic": 3, "active": true, "name": "Topic 6\\Regulatory & safety issues", "module": 6}}, {"pk": 7, "model": "repo.path", "fields": {"topic": 4, "active": true, "name": "Topic 4\\organic synthesis", "module": 7}}, {"pk": 8, "model": "repo.path", "fields": {"topic": 1, "active": true, "name": "Topic 1\\renewable resources", "module": 8}}, {"pk": 9, "model": "repo.path", "fields": {"topic": 5, "active": true, "name": "Topic 5\\whole process design", "module": 9}}, {"pk": 10, "model": "repo.path", "fields": {"topic": 1, "active": true, "name": "Topic 1\\Critical elements", "module": 10}}, {"pk": 11, "model": "repo.path", "fields": {"topic": 1, "active": true, "name": "Topic 1\\Intro to the pharma industry", "module": 11}}, {"pk": 12, "model": "repo.path", "fields": {"topic": 4, "active": true, "name": "Topic 4\\WP2 Green Catalysis Flow", "module": 12}}, {"pk": 13, "model": "repo.path", "fields": {"topic": 2, "active": true, "name": "Topic 2\\Metrics", "module": 13}}, {"pk": 14, "model": "repo.path", "fields": {"topic": 1, "active": true, "name": "Topic 1\\issues surrounding chemicals", "module": 14}}, {"pk": 15, "model": "repo.path", "fields": {"topic": 1, "active": true, "name": "Topic 1\\LCA", "module": 15}}, {"pk": 16, "model": "repo.path", "fields": {"topic": 2, "active": true, "name": "Topic 2", "module": null}}, {"pk": 17, "model": "repo.path", "fields": {"topic": 6, "active": true, "name": "Topic 3", "module": null}}, {"pk": 18, "model": "repo.path", "fields": {"topic": 1, "active": true, "name": "Topic 1", "module": null}}, {"pk": 19, "model": "repo.path", "fields": {"topic": 3, "active": true, "name": "Topic 6", "module": null}}, {"pk": 20, "model": "repo.path", "fields": {"topic": 4, "active": true, "name": "Topic 4", "module": null}}, {"pk": 21, "model": "repo.path", "fields": {"topic": 5, "active": true, "name": "Topic 5", "module": null}}, {"pk": 22, "model": "repo.path", "fields": {"topic": 1, "active": true, "name": "Topic 1\\water", "module": 16}}, {"pk": 23, "model": "repo.path", "fields": {"topic": 3, "active": true, "name": "Topic 6\\Benign by design", "module": 17}}, {"pk": 24, "model": "repo.path", "fields": {"topic": 4, "active": true, "name": "Topic 4\\WP4 synthetic biology", "module": 18}}, {"pk": 25, "model": "repo.path", "fields": {"topic": 1, "active": true, "name": "Topic 1\\Into to Green Chemistry", "module": 19}}, {"pk": 26, "model": "repo.path", "fields": {"topic": 1, "active": true, "name": "Topic 1\\benefits of chemistry", "module": 20}}, {"pk": 27, "model": "repo.path", "fields": {"topic": 3, "active": true, "name": "Topic 6\\Chemicals of concern", "module": 21}}, {"pk": 28, "model": "repo.path", "fields": {"topic": 1, "active": true, "name": "Topic 1\\Energy", "module": 22}}, {"pk": 29, "model": "repo.path", "fields": {"topic": 4, "active": true, "name": "Synthetic Toolbox", "module": null}}, {"pk": 30, "model": "repo.path", "fields": {"topic": 4, "active": true, "name": "Topic 4\\WP3 Biocatalysis", "module": 23}}, {"pk": 31, "model": "repo.path", "fields": {"topic": 2, "active": true, "name": "Topic 2\\Tools and guides", "module": 24}}, {"pk": 32, "model": "repo.path", "fields": {"topic": 3, "active": true, "name": "Topic 6\\Environmental Legislation", "module": 25}}, {"pk": 33, "model": "repo.path", "fields": {"topic": 1, "active": true, "name": "Topic 1\\catalysis", "module": 26}}, {"pk": 34, "model": "repo.path", "fields": {"topic": null, "active": false, "name": "Antwerp Seminar May 2015", "module": null}}, {"pk": 35, "model": "repo.path", "fields": {"topic": null, "active": false, "name": "Case studies", "module": null}}, {"pk": 36, "model": "repo.path", "fields": {"topic": null, "active": true, "name": "Case studies\\APIs for Manchester MOOC", "module": null}}, {"pk": 37, "model": "repo.path", "fields": {"topic": null, "active": true, "name": "Case studies\\Butenafine", "module": null}}, {"pk": 38, "model": "repo.path", "fields": {"topic": null, "active": true, "name": "Case studies\\Ibuprofen", "module": null}}, {"pk": 39, "model": "repo.path", "fields": {"topic": null, "active": true, "name": "Case studies\\LY300164", "module": null}}, {"pk": 40, "model": "repo.path", "fields": {"topic": null, "active": true, "name": "Case studies\\Reboxetine", "module": null}}, {"pk": 41, "model": "repo.path", "fields": {"topic": null, "active": true, "name": "Case studies\\Sertraline - telescoping & green solvents", "module": null}}, {"pk": 42, "model": "repo.path", "fields": {"topic": null, "active": true, "name": "Case studies\\Simvastatin", "module": null}}, {"pk": 43, "model": "repo.path", "fields": {"topic": null, "active": true, "name": "Case studies\\Tamiflu", "module": null}}, {"pk": 44, "model": "repo.path", "fields": {"topic": null, "active": true, "name": "Case studies\\US presidential award", "module": null}}, {"pk": 45, "model": "repo.path", "fields": {"topic": null, "active": true, "name": "Case studies\\Viagra", "module": null}}, {"pk": 46, "model": "repo.path", "fields": {"topic": null, "active": false, "name": "CHEM21 Publications", "module": null}}, {"pk": 47, "model": "repo.path", "fields": {"topic": null, "active": false, "name": "Permissions", "module": null}}, {"pk": 48, "model": "repo.path", "fields": {"topic": null, "active": false, "name": "PhD student videos", "module": null}}, {"pk": 49, "model": "repo.path", "fields": {"topic": null, "active": true, "name": "PhD student videos\\recordings", "module": null}}, {"pk": 50, "model": "repo.path", "fields": {"topic": null, "active": false, "name": "Referencing and formats", "module": null}}, {"pk": 51, "model": "repo.path", "fields": {"topic": null, "active": false, "name": "RSA_York_Apr2015_Biocatalytic_retrosynthesis", "module": null}}, {"pk": 52, "model": "repo.path", "fields": {"topic": null, "active": false, "name": "Sound", "module": null}}, {"pk": 53, "model": "repo.path", "fields": {"topic": 1, "active": false, "name": "Topic 1\\All Graz AGM recordings", "module": null}}, {"pk": 54, "model": "repo.path", "fields": {"topic": 1, "active": false, "name": "Topic 1\\Intro to Green Chemistry", "module": null}}, {"pk": 55, "model": "repo.path", "fields": {"topic": 2, "active": false, "name": "Topic 2\\Antwerp workshop material", "module": null}}, {"pk": 56, "model": "repo.path", "fields": {"topic": 2, "active": false, "name": "Topic 2\\Departmental training August 2015", "module": null}}, {"pk": 57, "model": "repo.path", "fields": {"topic": 2, "active": false, "name": "Topic 2\\Topic 2 references.Data", "module": null}}, {"pk": 58, "model": "repo.path", "fields": {"topic": 6, "active": false, "name": "Topic 3\\External papers and resources", "module": null}}, {"pk": 59, "model": "repo.path", "fields": {"topic": 6, "active": false, "name": "Topic 3\\Internal papers and resources", "module": null}}, {"pk": 60, "model": "repo.path", "fields": {"topic": 6, "active": false, "name": "Topic 3\\New material", "module": null}}, {"pk": 61, "model": "repo.path", "fields": {"topic": 5, "active": false, "name": "Topic 5\\External papers and resources", "module": null}}, {"pk": 62, "model": "repo.path", "fields": {"topic": 5, "active": false, "name": "Topic 5\\Internal papers and resources", "module": null}}, {"pk": 63, "model": "repo.path", "fields": {"topic": 5, "active": false, "name": "Topic 5\\New material", "module": null}}, {"pk": 64, "model": "repo.path", "fields": {"topic": 3, "active": false, "name": "Topic 6\\journal articles", "module": null}}, {"pk": 65, "model": "repo.path", "fields": {"topic": null, "active": false, "name": "Topic 7", "module": null}}, {"pk": 66, "model": "repo.path", "fields": {"topic": null, "active": true, "name": "Topic 7\\Journal articles", "module": null}}, {"pk": 1, "model": "repo.event", "fields": {"date": "2015-04-01", "name": "YRN Workshop York"}}, {"pk": 16, "model": "repo.event", "fields": {"date": "2013-10-01", "name": ""}}, {"pk": 17, "model": "repo.event", "fields": {"date": "2013-09-01", "name": "Avtar MSc"}}, {"pk": 18, "model": "repo.event", "fields": {"date": "2013-01-01", "name": "WS1"}}, {"pk": 19, "model": "repo.event", "fields": {"date": "2014-09-01", "name": "Graz AGM"}}, {"pk": 20, "model": "repo.event", "fields": {"date": "2013-01-01", "name": "Manchester Workshop"}}, {"pk": 24, "model": "repo.event", "fields": {"date": "2013-11-01", "name": "Mustafa MSc"}}, {"pk": 25, "model": "repo.event", "fields": {"date": "2014-11-01", "name": "Unknown JHC"}}, {"pk": 26, "model": "repo.event", "fields": {"date": "2013-11-01", "name": "YRN Workshop York"}}, {"pk": 27, "model": "repo.event", "fields": {"date": "2013-10-01", "name": "MSc Brian Grievson"}}, {"pk": 28, "model": "repo.event", "fields": {"date": "2013-01-01", "name": "Manchester Workshop "}}, {"pk": 29, "model": "repo.event", "fields": {"date": "2013-10-01", "name": "Life Cycle Assessment"}}, {"pk": 30, "model": "repo.event", "fields": {"date": "2013-10-01", "name": "MSc Rob McElroy"}}, {"pk": 31, "model": "repo.event", "fields": {"date": "2014-03-01", "name": "WP3 F2F"}}, {"pk": 32, "model": "repo.event", "fields": {"date": "0001-01-01", "name": ""}}, {"pk": 33, "model": "repo.event", "fields": {"date": "2015-05-21", "name": "Sustainable Chemistry Antwerp May 2015"}}, {"pk": 34, "model": "repo.event", "fields": {"date": "2014-11-01", "name": "SCI Workshop"}}, {"pk": 35, "model": "repo.event", "fields": {"date": "2015-05-21", "name": "Sustainable Chemistry Antwerp]"}}, {"pk": 36, "model": "repo.event", "fields": {"date": "2015-05-21", "name": "Sustainable Chemistry Antwerp"}}, {"pk": 38, "model": "repo.event", "fields": {"date": "2015-05-01", "name": "Sustainable Chemistry Antwerp"}}, {"pk": 1, "model": "repo.author", "fields": {"full_name": "Bernhard Hauer"}}, {"pk": 2, "model": "repo.author", "fields": {"full_name": "Bettina Nestl"}}, {"pk": 3, "model": "repo.author", "fields": {"full_name": "Konrad Otte"}}, {"pk": 4, "model": "repo.author", "fields": {"full_name": "Alan Reay"}}, {"pk": 5, "model": "repo.author", "fields": {"full_name": "Giulia Paggiola"}}, {"pk": 6, "model": "repo.author", "fields": {"full_name": "Ian Fairlamb"}}, {"pk": 7, "model": "repo.author", "fields": {"full_name": "Lyndsay Ledingham"}}, {"pk": 8, "model": "repo.author", "fields": {"full_name": "Dr Andy Wells"}}, {"pk": 9, "model": "repo.author", "fields": {"full_name": "Andy Wells"}}, {"pk": 10, "model": "repo.author", "fields": {"full_name": "John Hayler"}}, {"pk": 11, "model": "repo.author", "fields": {"full_name": "Ryan Gorman"}}, {"pk": 12, "model": "repo.author", "fields": {"full_name": "Tom Farmer"}}, {"pk": 13, "model": "repo.author", "fields": {"full_name": "Antal Harsanyi"}}, {"pk": 14, "model": "repo.author", "fields": {"full_name": "Avtar Matharu"}}, {"pk": 15, "model": "repo.author", "fields": {"full_name": "Esa Kumpulainen"}}, {"pk": 16, "model": "repo.author", "fields": {"full_name": "Josef Messinger"}}, {"pk": 17, "model": "repo.author", "fields": {"full_name": "John Blacker"}}, {"pk": 18, "model": "repo.author", "fields": {"full_name": "Denis Prat"}}, {"pk": 19, "model": "repo.author", "fields": {"full_name": "Rob McElroy"}}, {"pk": 20, "model": "repo.author", "fields": {"full_name": "Mustafa Ozel"}}, {"pk": 21, "model": "repo.author", "fields": {"full_name": "James Clark"}}, {"pk": 22, "model": "repo.author", "fields": {"full_name": "Andrew Hunt"}}, {"pk": 23, "model": "repo.author", "fields": {"full_name": "Eva Kumpulainen"}}, {"pk": 24, "model": "repo.author", "fields": {"full_name": "Wim Aelterman"}}, {"pk": 25, "model": "repo.author", "fields": {"full_name": "Brian Grievson"}}, {"pk": 26, "model": "repo.author", "fields": {"full_name": "Nicholas Turner"}}, {"pk": 27, "model": "repo.author", "fields": {"full_name": "Helen Sneddon"}}, {"pk": 28, "model": "repo.author", "fields": {"full_name": "Barry Dillon"}}, {"pk": 29, "model": "repo.author", "fields": {"full_name": "Nick Turner"}}, {"pk": 30, "model": "repo.author", "fields": {"full_name": "Johannes de Vries"}}, {"pk": 31, "model": "repo.author", "fields": {"full_name": "Mattias Beller"}}, {"pk": 32, "model": "repo.author", "fields": {"full_name": "Jeffrey Bode"}}, {"pk": 1, "model": "repo.authorsoffile", "fields": {"file": 248, "author": 1}}, {"pk": 2, "model": "repo.authorsoffile", "fields": {"file": 248, "author": 2}}, {"pk": 3, "model": "repo.authorsoffile", "fields": {"file": 248, "author": 3}}, {"pk": 4, "model": "repo.authorsoffile", "fields": {"file": 249, "author": 1}}, {"pk": 5, "model": "repo.authorsoffile", "fields": {"file": 249, "author": 2}}, {"pk": 6, "model": "repo.authorsoffile", "fields": {"file": 249, "author": 3}}, {"pk": 7, "model": "repo.authorsoffile", "fields": {"file": 250, "author": 4}}, {"pk": 8, "model": "repo.authorsoffile", "fields": {"file": 251, "author": 5}}, {"pk": 9, "model": "repo.authorsoffile", "fields": {"file": 252, "author": 6}}, {"pk": 10, "model": "repo.authorsoffile", "fields": {"file": 253, "author": 7}}, {"pk": 11, "model": "repo.authorsoffile", "fields": {"file": 254, "author": 8}}, {"pk": 12, "model": "repo.authorsoffile", "fields": {"file": 255, "author": 9}}, {"pk": 13, "model": "repo.authorsoffile", "fields": {"file": 255, "author": 10}}, {"pk": 14, "model": "repo.authorsoffile", "fields": {"file": 256, "author": 11}}, {"pk": 15, "model": "repo.authorsoffile", "fields": {"file": 257, "author": 8}}, {"pk": 16, "model": "repo.authorsoffile", "fields": {"file": 258, "author": 12}}, {"pk": 17, "model": "repo.authorsoffile", "fields": {"file": 259, "author": 13}}, {"pk": 18, "model": "repo.authorsoffile", "fields": {"file": 53, "author": 14}}, {"pk": 19, "model": "repo.authorsoffile", "fields": {"file": 22, "author": 16}}, {"pk": 20, "model": "repo.authorsoffile", "fields": {"file": 22, "author": 15}}, {"pk": 21, "model": "repo.authorsoffile", "fields": {"file": 23, "author": 17}}, {"pk": 22, "model": "repo.authorsoffile", "fields": {"file": 46, "author": 18}}, {"pk": 23, "model": "repo.authorsoffile", "fields": {"file": 47, "author": 10}}, {"pk": 24, "model": "repo.authorsoffile", "fields": {"file": 48, "author": 19}}, {"pk": 25, "model": "repo.authorsoffile", "fields": {"file": 49, "author": 19}}, {"pk": 26, "model": "repo.authorsoffile", "fields": {"file": 41, "author": 20}}, {"pk": 27, "model": "repo.authorsoffile", "fields": {"file": 42, "author": 21}}, {"pk": 28, "model": "repo.authorsoffile", "fields": {"file": 15, "author": 22}}, {"pk": 29, "model": "repo.authorsoffile", "fields": {"file": 16, "author": 22}}, {"pk": 30, "model": "repo.authorsoffile", "fields": {"file": 17, "author": 22}}, {"pk": 31, "model": "repo.authorsoffile", "fields": {"file": 31, "author": 9}}, {"pk": 32, "model": "repo.authorsoffile", "fields": {"file": 32, "author": 9}}, {"pk": 33, "model": "repo.authorsoffile", "fields": {"file": 33, "author": 23}}, {"pk": 34, "model": "repo.authorsoffile", "fields": {"file": 33, "author": 16}}, {"pk": 35, "model": "repo.authorsoffile", "fields": {"file": 34, "author": 24}}, {"pk": 36, "model": "repo.authorsoffile", "fields": {"file": 37, "author": 25}}, {"pk": 37, "model": "repo.authorsoffile", "fields": {"file": 38, "author": 25}}, {"pk": 38, "model": "repo.authorsoffile", "fields": {"file": 5, "author": 21}}, {"pk": 39, "model": "repo.authorsoffile", "fields": {"file": 9, "author": 26}}, {"pk": 40, "model": "repo.authorsoffile", "fields": {"file": 66, "author": 19}}, {"pk": 41, "model": "repo.authorsoffile", "fields": {"file": 73, "author": 19}}, {"pk": 42, "model": "repo.authorsoffile", "fields": {"file": 76, "author": 19}}, {"pk": 43, "model": "repo.authorsoffile", "fields": {"file": 77, "author": 19}}, {"pk": 44, "model": "repo.authorsoffile", "fields": {"file": 86, "author": 27}}, {"pk": 45, "model": "repo.authorsoffile", "fields": {"file": 87, "author": 27}}, {"pk": 46, "model": "repo.authorsoffile", "fields": {"file": 105, "author": 28}}, {"pk": 47, "model": "repo.authorsoffile", "fields": {"file": 106, "author": 18}}, {"pk": 48, "model": "repo.authorsoffile", "fields": {"file": 107, "author": 18}}, {"pk": 49, "model": "repo.authorsoffile", "fields": {"file": 260, "author": 17}}, {"pk": 50, "model": "repo.authorsoffile", "fields": {"file": 261, "author": 17}}, {"pk": 52, "model": "repo.authorsoffile", "fields": {"file": 262, "author": 17}}, {"pk": 53, "model": "repo.authorsoffile", "fields": {"file": 263, "author": 29}}, {"pk": 54, "model": "repo.authorsoffile", "fields": {"file": 264, "author": 10}}, {"pk": 55, "model": "repo.authorsoffile", "fields": {"file": 265, "author": 30}}, {"pk": 56, "model": "repo.authorsoffile", "fields": {"file": 266, "author": 31}}, {"pk": 57, "model": "repo.authorsoffile", "fields": {"file": 267, "author": 32}}]
