<?xml version="1.0" standalone="no" ?>
<!--
Single SCO with basic runtime calls. SCORM 1.2.

Provided by Rustici Software - http://www.scorm.com

Test of SCORM start/end and bookmarking in VLE
-->

<manifest identifier="ac.uk.york.chemistry.green.scorm-test" version="1"
         xmlns="http://www.imsproject.org/xsd/imscp_rootv1p1p2"
         xmlns:adlcp="http://www.adlnet.org/xsd/adlcp_rootv1p2"
         xmlns:xsi="http://www.w3.org/2001/XMLSchema-instance"
         xsi:schemaLocation="http://www.imsproject.org/xsd/imscp_rootv1p1p2 imscp_rootv1p1p2.xsd
                             http://www.imsglobal.org/xsd/imsmd_rootv1p2p1 imsmd_rootv1p2p1.xsd
                             http://www.adlnet.org/xsd/adlcp_rootv1p2 adlcp_rootv1p2.xsd">

  <metadata>
    <schema>ADL SCORM</schema>
    <schemaversion>1.2</schemaversion>
  </metadata>
	<organizations default="uoy_gcce">
		<organization identifier="uoy_gcce">
			<title>University of York GCCE: SCORM  test</title>
			<item identifier="item_1" identifierref="resource_1">
				<title>SCORM test</title>
			</item>
		</organization>
	</organizations>
	<resources>
		<resource identifier="resource_1" type="webcontent" adlcp:scormtype="sco" href="frame/main_wrapper.html">
      <file href="pages/start.html"/>
      <file href="pages/part1.html"/>
      <file href="pages/part2.html"/>
      <file href="pages/end.html"/>
		</resource>
	</resources>
</manifest>
